index,class_info,class_count
0,"[('EOSINOPHIL', (177, 0, 27, 29)), ('NEUTROPHIL', (39, 49, 32, 46)), ('NEUTROPHIL', (61, 166, 30, 47)), ('NEUTROPHIL', (144, 182, 29, 39))]","{'EOSINOPHIL': 1, 'NEUTROPHIL': 3}"
1,"[('EOSINOPHIL', (188, 78, 28, 34)), ('EOSINOPHIL', (172, 155, 28, 44)), ('NEUTROPHIL', (67, 44, 29, 44)), ('NEUTROPHIL', (49, 112, 33, 42))]","{'EOSINOPHIL': 2, 'NEUTROPHIL': 2}"
2,"[('EOSINOPHIL', (146, 85, 43, 27)), ('EOSINOPHIL', (6, 159, 32, 33)), ('EOSINOPHIL', (149, 154, 31, 45)), ('LYMPHOCYTE', (45, 82, 24, 30))]","{'EOSINOPHIL': 3, 'LYMPHOCYTE': 1}"
3,"[('NEUTROPHIL', (67, 44, 29, 44)), ('NEUTROPHIL', (153, 16, 34, 43)), ('NEUTROPHIL', (14, 135, 33, 44)), ('NEUTROPHIL', (147, 137, 29, 44))]",{'NEUTROPHIL': 4}
4,"[('MONOCYTE', (51, 11, 44, 50)), ('NEUTROPHIL', (116, 39, 29, 49)), ('NEUTROPHIL', (2, 174, 30, 41)), ('NEUTROPHIL', (128, 194, 31, 30)), ('NEUTROPHIL', (144, 117, 31, 42))]","{'MONOCYTE': 1, 'NEUTROPHIL': 4}"
5,"[('EOSINOPHIL', (118, 159, 32, 33)), ('LYMPHOCYTE', (157, 20, 23, 46)), ('NEUTROPHIL', (33, 30, 30, 42)), ('NEUTROPHIL', (43, 119, 32, 40))]","{'EOSINOPHIL': 1, 'LYMPHOCYTE': 1, 'NEUTROPHIL': 2}"
6,"[('EOSINOPHIL', (130, 1, 30, 51)), ('MONOCYTE', (51, 11, 44, 50)), ('NEUTROPHIL', (49, 112, 33, 42)), ('NEUTROPHIL', (153, 128, 34, 43))]","{'EOSINOPHIL': 1, 'MONOCYTE': 1, 'NEUTROPHIL': 2}"
7,"[('EOSINOPHIL', (49, 131, 34, 40)), ('NEUTROPHIL', (16, 82, 31, 30)), ('NEUTROPHIL', (31, 5, 31, 42)), ('NEUTROPHIL', (176, 86, 30, 26)), ('NEUTROPHIL', (146, 178, 35, 41))]","{'EOSINOPHIL': 1, 'NEUTROPHIL': 4}"
8,"[('LYMPHOCYTE', (35, 58, 31, 42)), ('LYMPHOCYTE', (147, 58, 31, 42)), ('MONOCYTE', (156, 150, 33, 47)), ('NEUTROPHIL', (4, 151, 29, 49))]","{'LYMPHOCYTE': 2, 'MONOCYTE': 1, 'NEUTROPHIL': 1}"
9,"[('EOSINOPHIL', (28, 138, 35, 42)), ('NEUTROPHIL', (57, 45, 34, 46)), ('NEUTROPHIL', (155, 66, 31, 44)), ('NEUTROPHIL', (136, 148, 35, 46))]","{'EOSINOPHIL': 1, 'NEUTROPHIL': 3}"
10,"[('EOSINOPHIL', (121, 159, 28, 42)), ('LYMPHOCYTE', (84, 64, 28, 45)), ('NEUTROPHIL', (155, 66, 31, 44)), ('NEUTROPHIL', (41, 176, 30, 48))]","{'EOSINOPHIL': 1, 'LYMPHOCYTE': 1, 'NEUTROPHIL': 2}"
11,"[('EOSINOPHIL', (9, 47, 28, 42)), ('NEUTROPHIL', (135, 65, 33, 44)), ('NEUTROPHIL', (49, 112, 33, 42)), ('NEUTROPHIL', (169, 157, 34, 46))]","{'EOSINOPHIL': 1, 'NEUTROPHIL': 3}"
12,"[('NEUTROPHIL', (60, 83, 40, 29)), ('NEUTROPHIL', (149, 10, 31, 41)), ('NEUTROPHIL', (14, 135, 33, 44)), ('NEUTROPHIL', (151, 161, 32, 46))]",{'NEUTROPHIL': 4}
13,"[('EOSINOPHIL', (41, 162, 29, 40)), ('LYMPHOCYTE', (49, 49, 25, 28)), ('MONOCYTE', (146, 49, 38, 53)), ('NEUTROPHIL', (165, 166, 29, 38))]","{'EOSINOPHIL': 1, 'LYMPHOCYTE': 1, 'MONOCYTE': 1, 'NEUTROPHIL': 1}"
14,"[('LYMPHOCYTE', (161, 161, 25, 28)), ('NEUTROPHIL', (33, 57, 30, 49)), ('NEUTROPHIL', (159, 36, 32, 45)), ('NEUTROPHIL', (33, 142, 30, 42))]","{'LYMPHOCYTE': 1, 'NEUTROPHIL': 3}"
15,"[('NEUTROPHIL', (47, 58, 30, 41)), ('NEUTROPHIL', (128, 82, 31, 30)), ('NEUTROPHIL', (144, 5, 31, 42)), ('NEUTROPHIL', (36, 139, 33, 42)), ('NEUTROPHIL', (172, 126, 30, 44))]",{'NEUTROPHIL': 5}
16,"[('EOSINOPHIL', (37, 42, 31, 45)), ('EOSINOPHIL', (149, 154, 31, 45)), ('NEUTROPHIL', (125, 64, 33, 44)), ('NEUTROPHIL', (28, 168, 34, 43))]","{'EOSINOPHIL': 2, 'NEUTROPHIL': 2}"
17,"[('LYMPHOCYTE', (49, 159, 23, 29)), ('MONOCYTE', (112, 127, 29, 48)), ('NEUTROPHIL', (49, 0, 33, 42)), ('NEUTROPHIL', (172, 83, 40, 29))]","{'LYMPHOCYTE': 1, 'MONOCYTE': 1, 'NEUTROPHIL': 2}"
18,"[('NEUTROPHIL', (24, 36, 35, 46)), ('NEUTROPHIL', (146, 66, 35, 41)), ('NEUTROPHIL', (39, 161, 32, 46)), ('NEUTROPHIL', (155, 119, 32, 40))]",{'NEUTROPHIL': 4}
19,"[('EOSINOPHIL', (49, 154, 30, 40)), ('NEUTROPHIL', (67, 44, 29, 44)), ('NEUTROPHIL', (172, 14, 30, 44)), ('NEUTROPHIL', (144, 182, 29, 39))]","{'EOSINOPHIL': 1, 'NEUTROPHIL': 3}"
20,"[('EOSINOPHIL', (41, 50, 29, 40)), ('LYMPHOCYTE', (35, 159, 24, 28)), ('MONOCYTE', (112, 15, 29, 48)), ('NEUTROPHIL', (191, 184, 32, 40))]","{'EOSINOPHIL': 1, 'LYMPHOCYTE': 1, 'MONOCYTE': 1, 'NEUTROPHIL': 1}"
21,"[('NEUTROPHIL', (67, 44, 29, 44)), ('NEUTROPHIL', (146, 66, 35, 41)), ('NEUTROPHIL', (24, 148, 35, 46)), ('NEUTROPHIL', (176, 198, 30, 26))]",{'NEUTROPHIL': 4}
22,"[('LYMPHOCYTE', (42, 165, 26, 37)), ('NEUTROPHIL', (66, 13, 33, 39)), ('NEUTROPHIL', (133, 54, 35, 47)), ('NEUTROPHIL', (125, 176, 33, 44))]","{'LYMPHOCYTE': 1, 'NEUTROPHIL': 3}"
23,"[('EOSINOPHIL', (37, 42, 31, 45)), ('LYMPHOCYTE', (154, 180, 23, 44)), ('NEUTROPHIL', (141, 56, 32, 38)), ('NEUTROPHIL', (33, 142, 30, 42))]","{'EOSINOPHIL': 1, 'LYMPHOCYTE': 1, 'NEUTROPHIL': 2}"
24,"[('MONOCYTE', (147, 186, 40, 38)), ('NEUTROPHIL', (51, 57, 32, 39)), ('NEUTROPHIL', (178, 13, 33, 39)), ('NEUTROPHIL', (24, 148, 35, 46))]","{'MONOCYTE': 1, 'NEUTROPHIL': 3}"
25,"[('EOSINOPHIL', (9, 47, 28, 42)), ('EOSINOPHIL', (147, 21, 31, 42)), ('NEUTROPHIL', (45, 146, 37, 44)), ('NEUTROPHIL', (172, 126, 30, 44))]","{'EOSINOPHIL': 2, 'NEUTROPHIL': 2}"
26,"[('LYMPHOCYTE', (9, 53, 34, 38)), ('LYMPHOCYTE', (161, 159, 23, 29)), ('MONOCYTE', (55, 187, 29, 37)), ('NEUTROPHIL', (178, 13, 33, 39))]","{'LYMPHOCYTE': 2, 'MONOCYTE': 1, 'NEUTROPHIL': 1}"
27,"[('EOSINOPHIL', (35, 133, 31, 42)), ('MONOCYTE', (167, 75, 29, 37)), ('NEUTROPHIL', (60, 14, 30, 44)), ('NEUTROPHIL', (184, 165, 34, 39))]","{'EOSINOPHIL': 1, 'MONOCYTE': 1, 'NEUTROPHIL': 2}"
28,"[('EOSINOPHIL', (76, 78, 28, 34)), ('LYMPHOCYTE', (121, 165, 34, 38)), ('NEUTROPHIL', (134, 0, 36, 38)), ('NEUTROPHIL', (21, 166, 35, 47))]","{'EOSINOPHIL': 1, 'LYMPHOCYTE': 1, 'NEUTROPHIL': 2}"
29,"[('EOSINOPHIL', (49, 60, 27, 44)), ('EOSINOPHIL', (158, 0, 33, 37)), ('EOSINOPHIL', (65, 112, 27, 29)), ('NEUTROPHIL', (159, 170, 30, 41))]","{'EOSINOPHIL': 3, 'NEUTROPHIL': 1}"
30,"[('EOSINOPHIL', (166, 173, 39, 39)), ('NEUTROPHIL', (32, 0, 22, 33)), ('NEUTROPHIL', (128, 82, 31, 30)), ('NEUTROPHIL', (144, 5, 31, 42)), ('NEUTROPHIL', (66, 125, 33, 39))]","{'EOSINOPHIL': 1, 'NEUTROPHIL': 4}"
31,"[('EOSINOPHIL', (161, 60, 27, 44)), ('EOSINOPHIL', (145, 168, 43, 50)), ('LYMPHOCYTE', (84, 176, 28, 45)), ('NEUTROPHIL', (43, 66, 31, 44))]","{'EOSINOPHIL': 2, 'LYMPHOCYTE': 1, 'NEUTROPHIL': 1}"
32,"[('LYMPHOCYTE', (84, 64, 28, 45)), ('MONOCYTE', (146, 49, 38, 53)), ('NEUTROPHIL', (57, 157, 34, 46)), ('NEUTROPHIL', (157, 146, 37, 44))]","{'LYMPHOCYTE': 1, 'MONOCYTE': 1, 'NEUTROPHIL': 2}"
33,"[('LYMPHOCYTE', (147, 58, 31, 42)), ('NEUTROPHIL', (37, 10, 31, 41)), ('NEUTROPHIL', (43, 119, 32, 40)), ('NEUTROPHIL', (129, 147, 32, 50))]","{'LYMPHOCYTE': 1, 'NEUTROPHIL': 3}"
34,"[('EOSINOPHIL', (49, 60, 27, 44)), ('LYMPHOCYTE', (157, 194, 24, 30)), ('NEUTROPHIL', (147, 58, 33, 44)), ('NEUTROPHIL', (57, 157, 34, 46))]","{'EOSINOPHIL': 1, 'LYMPHOCYTE': 1, 'NEUTROPHIL': 2}"
35,"[('EOSINOPHIL', (64, 0, 46, 49)), ('NEUTROPHIL', (191, 72, 32, 40)), ('NEUTROPHIL', (17, 147, 32, 50)), ('NEUTROPHIL', (172, 195, 40, 29))]","{'EOSINOPHIL': 1, 'NEUTROPHIL': 3}"
36,"[('EOSINOPHIL', (166, 61, 39, 39)), ('LYMPHOCYTE', (49, 49, 25, 28)), ('LYMPHOCYTE', (156, 194, 27, 30)), ('NEUTROPHIL', (47, 112, 34, 41))]","{'EOSINOPHIL': 1, 'LYMPHOCYTE': 2, 'NEUTROPHIL': 1}"
37,"[('NEUTROPHIL', (2, 62, 30, 41)), ('NEUTROPHIL', (169, 45, 34, 46)), ('NEUTROPHIL', (34, 168, 30, 56)), ('NEUTROPHIL', (159, 112, 34, 41))]",{'NEUTROPHIL': 4}
38,"[('NEUTROPHIL', (50, 31, 32, 46)), ('NEUTROPHIL', (112, 53, 23, 41)), ('NEUTROPHIL', (57, 157, 34, 46)), ('NEUTROPHIL', (151, 112, 30, 27))]",{'NEUTROPHIL': 4}
39,"[('EOSINOPHIL', (177, 0, 27, 29)), ('EOSINOPHIL', (118, 159, 32, 33)), ('NEUTROPHIL', (33, 57, 30, 49)), ('NEUTROPHIL', (60, 126, 30, 44))]","{'EOSINOPHIL': 2, 'NEUTROPHIL': 2}"
40,"[('NEUTROPHIL', (24, 36, 35, 46)), ('NEUTROPHIL', (159, 0, 34, 41)), ('NEUTROPHIL', (45, 130, 33, 48)), ('NEUTROPHIL', (129, 147, 32, 50))]",{'NEUTROPHIL': 4}
41,"[('EOSINOPHIL', (54, 61, 39, 39)), ('EOSINOPHIL', (188, 190, 28, 34)), ('MONOCYTE', (51, 123, 44, 50)), ('NEUTROPHIL', (157, 34, 37, 44))]","{'EOSINOPHIL': 2, 'MONOCYTE': 1, 'NEUTROPHIL': 1}"
42,"[('EOSINOPHIL', (49, 60, 27, 44)), ('MONOCYTE', (44, 150, 33, 47)), ('NEUTROPHIL', (148, 27, 33, 42)), ('NEUTROPHIL', (145, 142, 30, 42))]","{'EOSINOPHIL': 1, 'MONOCYTE': 1, 'NEUTROPHIL': 2}"
43,"[('NEUTROPHIL', (41, 64, 30, 48)), ('NEUTROPHIL', (147, 58, 33, 44)), ('NEUTROPHIL', (60, 126, 30, 44)), ('NEUTROPHIL', (148, 139, 33, 42))]",{'NEUTROPHIL': 4}
44,"[('MONOCYTE', (112, 15, 29, 48)), ('NEUTROPHIL', (37, 10, 31, 41)), ('NEUTROPHIL', (34, 168, 30, 56)), ('NEUTROPHIL', (136, 148, 35, 46))]","{'MONOCYTE': 1, 'NEUTROPHIL': 3}"
45,"[('LYMPHOCYTE', (121, 165, 34, 38)), ('MONOCYTE', (156, 38, 33, 47)), ('NEUTROPHIL', (4, 39, 29, 49)), ('NEUTROPHIL', (36, 139, 33, 42))]","{'LYMPHOCYTE': 1, 'MONOCYTE': 1, 'NEUTROPHIL': 2}"
46,"[('NEUTROPHIL', (41, 64, 30, 48)), ('NEUTROPHIL', (144, 70, 29, 39)), ('NEUTROPHIL', (24, 148, 35, 46)), ('NEUTROPHIL', (191, 184, 32, 40))]",{'NEUTROPHIL': 4}
47,"[('MONOCYTE', (35, 74, 40, 38)), ('NEUTROPHIL', (159, 0, 34, 41)), ('NEUTROPHIL', (34, 178, 35, 41)), ('NEUTROPHIL', (170, 121, 30, 39))]","{'MONOCYTE': 1, 'NEUTROPHIL': 3}"
48,"[('EOSINOPHIL', (35, 133, 31, 42)), ('EOSINOPHIL', (172, 155, 28, 44)), ('MONOCYTE', (147, 74, 40, 38)), ('NEUTROPHIL', (79, 72, 32, 40))]","{'EOSINOPHIL': 2, 'MONOCYTE': 1, 'NEUTROPHIL': 1}"
49,"[('LYMPHOCYTE', (42, 180, 23, 44)), ('NEUTROPHIL', (43, 7, 32, 40)), ('NEUTROPHIL', (184, 53, 34, 39)), ('NEUTROPHIL', (173, 166, 30, 47))]","{'LYMPHOCYTE': 1, 'NEUTROPHIL': 3}"
50,"[('NEUTROPHIL', (79, 72, 32, 40)), ('NEUTROPHIL', (134, 0, 33, 34)), ('NEUTROPHIL', (21, 166, 35, 47)), ('NEUTROPHIL', (140, 121, 31, 42))]",{'NEUTROPHIL': 4}
51,"[('EOSINOPHIL', (130, 113, 30, 51)), ('LYMPHOCYTE', (49, 47, 23, 29)), ('NEUTROPHIL', (128, 82, 31, 30)), ('NEUTROPHIL', (144, 5, 31, 42)), ('NEUTROPHIL', (53, 166, 29, 38))]","{'EOSINOPHIL': 1, 'LYMPHOCYTE': 1, 'NEUTROPHIL': 3}"
52,"[('LYMPHOCYTE', (157, 20, 23, 46)), ('LYMPHOCYTE', (15, 168, 25, 36)), ('MONOCYTE', (147, 186, 40, 38)), ('NEUTROPHIL', (60, 14, 30, 44))]","{'LYMPHOCYTE': 2, 'MONOCYTE': 1, 'NEUTROPHIL': 1}"
53,"[('LYMPHOCYTE', (161, 161, 25, 28)), ('NEUTROPHIL', (34, 56, 30, 56)), ('NEUTROPHIL', (133, 54, 35, 47)), ('NEUTROPHIL', (67, 156, 29, 44))]","{'LYMPHOCYTE': 1, 'NEUTROPHIL': 3}"
54,"[('LYMPHOCYTE', (161, 49, 25, 28)), ('NEUTROPHIL', (24, 40, 32, 39)), ('NEUTROPHIL', (35, 170, 33, 44)), ('NEUTROPHIL', (157, 130, 33, 48))]","{'LYMPHOCYTE': 1, 'NEUTROPHIL': 3}"
55,"[('EOSINOPHIL', (28, 138, 35, 42)), ('EOSINOPHIL', (169, 112, 43, 59)), ('NEUTROPHIL', (43, 66, 31, 44)), ('NEUTROPHIL', (147, 25, 29, 44))]","{'EOSINOPHIL': 2, 'NEUTROPHIL': 2}"
56,"[('LYMPHOCYTE', (154, 68, 23, 44)), ('LYMPHOCYTE', (44, 194, 27, 30)), ('LYMPHOCYTE', (157, 194, 24, 30)), ('NEUTROPHIL', (32, 70, 29, 39))]","{'LYMPHOCYTE': 3, 'NEUTROPHIL': 1}"
57,"[('EOSINOPHIL', (46, 125, 40, 58)), ('LYMPHOCYTE', (46, 6, 34, 39)), ('NEUTROPHIL', (134, 0, 33, 34)), ('NEUTROPHIL', (159, 112, 34, 41))]","{'EOSINOPHIL': 1, 'LYMPHOCYTE': 1, 'NEUTROPHIL': 2}"
58,"[('EOSINOPHIL', (9, 47, 28, 42)), ('EOSINOPHIL', (188, 78, 28, 34)), ('EOSINOPHIL', (158, 112, 33, 37)), ('NEUTROPHIL', (35, 170, 33, 44))]","{'EOSINOPHIL': 3, 'NEUTROPHIL': 1}"
59,"[('EOSINOPHIL', (6, 47, 32, 33)), ('EOSINOPHIL', (158, 13, 40, 58)), ('NEUTROPHIL', (34, 168, 30, 56)), ('NEUTROPHIL', (159, 170, 30, 41))]","{'EOSINOPHIL': 2, 'NEUTROPHIL': 2}"
60,"[('EOSINOPHIL', (121, 47, 28, 42)), ('EOSINOPHIL', (34, 197, 43, 27)), ('NEUTROPHIL', (21, 54, 35, 47)), ('NEUTROPHIL', (155, 119, 32, 40))]","{'EOSINOPHIL': 2, 'NEUTROPHIL': 2}"
61,"[('MONOCYTE', (44, 38, 33, 47)), ('NEUTROPHIL', (136, 40, 32, 39)), ('NEUTROPHIL', (49, 112, 33, 42)), ('NEUTROPHIL', (135, 177, 33, 44))]","{'MONOCYTE': 1, 'NEUTROPHIL': 3}"
62,"[('MONOCYTE', (46, 112, 46, 53)), ('NEUTROPHIL', (51, 57, 32, 39)), ('NEUTROPHIL', (144, 70, 29, 39)), ('NEUTROPHIL', (159, 170, 30, 41))]","{'MONOCYTE': 1, 'NEUTROPHIL': 3}"
63,"[('EOSINOPHIL', (35, 21, 31, 42)), ('EOSINOPHIL', (166, 61, 39, 39)), ('NEUTROPHIL', (36, 139, 33, 42)), ('NEUTROPHIL', (172, 126, 30, 44))]","{'EOSINOPHIL': 2, 'NEUTROPHIL': 2}"
64,"[('LYMPHOCYTE', (45, 82, 24, 30)), ('LYMPHOCYTE', (158, 6, 34, 39)), ('NEUTROPHIL', (50, 143, 32, 46)), ('NEUTROPHIL', (184, 165, 34, 39))]","{'LYMPHOCYTE': 2, 'NEUTROPHIL': 2}"
65,"[('EOSINOPHIL', (37, 42, 31, 45)), ('LYMPHOCYTE', (161, 47, 23, 29)), ('MONOCYTE', (55, 187, 29, 37)), ('NEUTROPHIL', (176, 198, 30, 26))]","{'EOSINOPHIL': 1, 'LYMPHOCYTE': 1, 'MONOCYTE': 1, 'NEUTROPHIL': 1}"
66,"[('LYMPHOCYTE', (147, 47, 24, 28)), ('NEUTROPHIL', (26, 38, 29, 46)), ('NEUTROPHIL', (14, 135, 33, 44)), ('NEUTROPHIL', (128, 194, 31, 30)), ('NEUTROPHIL', (144, 117, 31, 42))]","{'LYMPHOCYTE': 1, 'NEUTROPHIL': 4}"
67,"[('EOSINOPHIL', (33, 56, 43, 50)), ('NEUTROPHIL', (162, 31, 32, 46)), ('NEUTROPHIL', (61, 166, 30, 47)), ('NEUTROPHIL', (155, 178, 31, 44))]","{'EOSINOPHIL': 1, 'NEUTROPHIL': 3}"
68,"[('EOSINOPHIL', (35, 21, 31, 42)), ('EOSINOPHIL', (41, 162, 29, 40)), ('NEUTROPHIL', (153, 16, 34, 43)), ('NEUTROPHIL', (133, 166, 35, 47))]","{'EOSINOPHIL': 2, 'NEUTROPHIL': 2}"
69,"[('EOSINOPHIL', (130, 1, 30, 51)), ('MONOCYTE', (55, 75, 29, 37)), ('NEUTROPHIL', (45, 146, 37, 44)), ('NEUTROPHIL', (146, 168, 30, 56))]","{'EOSINOPHIL': 1, 'MONOCYTE': 1, 'NEUTROPHIL': 2}"
70,"[('EOSINOPHIL', (150, 56, 39, 48)), ('MONOCYTE', (0, 127, 29, 48)), ('NEUTROPHIL', (32, 70, 29, 39)), ('NEUTROPHIL', (172, 195, 40, 29))]","{'EOSINOPHIL': 1, 'MONOCYTE': 1, 'NEUTROPHIL': 2}"
71,"[('EOSINOPHIL', (57, 112, 43, 59)), ('MONOCYTE', (112, 127, 29, 48)), ('NEUTROPHIL', (39, 0, 30, 27)), ('NEUTROPHIL', (157, 34, 37, 44))]","{'EOSINOPHIL': 1, 'MONOCYTE': 1, 'NEUTROPHIL': 2}"
72,"[('EOSINOPHIL', (9, 159, 28, 42)), ('NEUTROPHIL', (39, 0, 30, 27)), ('NEUTROPHIL', (179, 44, 29, 44)), ('NEUTROPHIL', (151, 161, 32, 46))]","{'EOSINOPHIL': 1, 'NEUTROPHIL': 3}"
73,"[('NEUTROPHIL', (23, 65, 33, 44)), ('NEUTROPHIL', (161, 0, 33, 42)), ('NEUTROPHIL', (33, 169, 30, 49)), ('NEUTROPHIL', (147, 170, 33, 44))]",{'NEUTROPHIL': 4}
74,"[('EOSINOPHIL', (153, 162, 29, 40)), ('NEUTROPHIL', (28, 56, 34, 43)), ('NEUTROPHIL', (146, 66, 35, 41)), ('NEUTROPHIL', (21, 166, 35, 47))]","{'EOSINOPHIL': 1, 'NEUTROPHIL': 3}"
75,"[('EOSINOPHIL', (140, 26, 35, 42)), ('EOSINOPHIL', (64, 112, 46, 49)), ('LYMPHOCYTE', (156, 194, 27, 30)), ('NEUTROPHIL', (60, 83, 40, 29))]","{'EOSINOPHIL': 2, 'LYMPHOCYTE': 1, 'NEUTROPHIL': 1}"
76,"[('LYMPHOCYTE', (15, 168, 25, 36)), ('NEUTROPHIL', (43, 7, 32, 40)), ('NEUTROPHIL', (162, 31, 32, 46)), ('NEUTROPHIL', (148, 170, 30, 41))]","{'LYMPHOCYTE': 1, 'NEUTROPHIL': 3}"
77,"[('EOSINOPHIL', (41, 50, 29, 40)), ('MONOCYTE', (158, 0, 46, 53)), ('MONOCYTE', (158, 112, 46, 53)), ('NEUTROPHIL', (24, 148, 35, 46))]","{'EOSINOPHIL': 1, 'MONOCYTE': 2, 'NEUTROPHIL': 1}"
78,"[('LYMPHOCYTE', (121, 165, 34, 38)), ('NEUTROPHIL', (33, 57, 30, 49)), ('NEUTROPHIL', (135, 65, 33, 44)), ('NEUTROPHIL', (41, 176, 30, 48))]","{'LYMPHOCYTE': 1, 'NEUTROPHIL': 3}"
79,"[('NEUTROPHIL', (60, 83, 40, 29)), ('NEUTROPHIL', (169, 45, 34, 46)), ('NEUTROPHIL', (57, 157, 34, 46)), ('NEUTROPHIL', (133, 166, 35, 47))]",{'NEUTROPHIL': 4}
80,"[('EOSINOPHIL', (49, 19, 34, 40)), ('EOSINOPHIL', (177, 112, 27, 29)), ('LYMPHOCYTE', (45, 132, 23, 46)), ('NEUTROPHIL', (112, 53, 23, 41))]","{'EOSINOPHIL': 2, 'LYMPHOCYTE': 1, 'NEUTROPHIL': 1}"
81,"[('EOSINOPHIL', (150, 168, 39, 48)), ('NEUTROPHIL', (49, 0, 33, 42)), ('NEUTROPHIL', (191, 72, 32, 40)), ('NEUTROPHIL', (33, 169, 30, 49))]","{'EOSINOPHIL': 1, 'NEUTROPHIL': 3}"
82,"[('EOSINOPHIL', (18, 113, 30, 51)), ('NEUTROPHIL', (22, 0, 36, 38)), ('NEUTROPHIL', (144, 70, 29, 39)), ('NEUTROPHIL', (151, 161, 32, 46))]","{'EOSINOPHIL': 1, 'NEUTROPHIL': 3}"
83,"[('EOSINOPHIL', (145, 56, 43, 50)), ('EOSINOPHIL', (130, 113, 30, 51)), ('LYMPHOCYTE', (35, 47, 24, 28)), ('NEUTROPHIL', (36, 139, 33, 42))]","{'EOSINOPHIL': 2, 'LYMPHOCYTE': 1, 'NEUTROPHIL': 1}"
84,"[('EOSINOPHIL', (153, 162, 29, 40)), ('LYMPHOCYTE', (161, 49, 25, 28)), ('NEUTROPHIL', (39, 0, 30, 27)), ('NEUTROPHIL', (72, 165, 34, 39))]","{'EOSINOPHIL': 1, 'LYMPHOCYTE': 1, 'NEUTROPHIL': 2}"
85,"[('EOSINOPHIL', (54, 61, 39, 39)), ('LYMPHOCYTE', (42, 165, 26, 37)), ('NEUTROPHIL', (184, 53, 34, 39)), ('NEUTROPHIL', (169, 157, 34, 46))]","{'EOSINOPHIL': 1, 'LYMPHOCYTE': 1, 'NEUTROPHIL': 2}"
86,"[('EOSINOPHIL', (46, 0, 33, 37)), ('EOSINOPHIL', (161, 42, 30, 40)), ('NEUTROPHIL', (64, 198, 30, 26)), ('NEUTROPHIL', (178, 125, 33, 39))]","{'EOSINOPHIL': 2, 'NEUTROPHIL': 2}"
87,"[('LYMPHOCYTE', (9, 53, 34, 38)), ('NEUTROPHIL', (148, 27, 33, 42)), ('NEUTROPHIL', (79, 184, 32, 40)), ('NEUTROPHIL', (138, 150, 29, 46))]","{'LYMPHOCYTE': 1, 'NEUTROPHIL': 3}"
88,"[('EOSINOPHIL', (65, 0, 27, 29)), ('NEUTROPHIL', (149, 10, 31, 41)), ('NEUTROPHIL', (36, 139, 33, 42)), ('NEUTROPHIL', (161, 112, 33, 42))]","{'EOSINOPHIL': 1, 'NEUTROPHIL': 3}"
89,"[('EOSINOPHIL', (37, 154, 31, 45)), ('EOSINOPHIL', (158, 125, 40, 58)), ('MONOCYTE', (147, 74, 40, 38)), ('NEUTROPHIL', (34, 66, 35, 41))]","{'EOSINOPHIL': 2, 'MONOCYTE': 1, 'NEUTROPHIL': 1}"
90,"[('NEUTROPHIL', (41, 64, 30, 48)), ('NEUTROPHIL', (134, 0, 33, 34)), ('NEUTROPHIL', (47, 112, 34, 41)), ('NEUTROPHIL', (173, 166, 30, 47))]",{'NEUTROPHIL': 4}
91,"[('MONOCYTE', (44, 38, 33, 47)), ('NEUTROPHIL', (153, 16, 34, 43)), ('NEUTROPHIL', (61, 166, 30, 47)), ('NEUTROPHIL', (157, 146, 37, 44))]","{'MONOCYTE': 1, 'NEUTROPHIL': 3}"
92,"[('EOSINOPHIL', (145, 13, 37, 47)), ('EOSINOPHIL', (145, 168, 43, 50)), ('NEUTROPHIL', (17, 35, 32, 50)), ('NEUTROPHIL', (36, 139, 33, 42))]","{'EOSINOPHIL': 2, 'NEUTROPHIL': 2}"
93,"[('EOSINOPHIL', (49, 42, 30, 40)), ('EOSINOPHIL', (46, 125, 40, 58)), ('NEUTROPHIL', (148, 27, 33, 42)), ('NEUTROPHIL', (116, 151, 29, 49))]","{'EOSINOPHIL': 2, 'NEUTROPHIL': 2}"
94,"[('EOSINOPHIL', (60, 155, 28, 44)), ('NEUTROPHIL', (26, 38, 29, 46)), ('NEUTROPHIL', (144, 70, 29, 39)), ('NEUTROPHIL', (151, 161, 32, 46))]","{'EOSINOPHIL': 1, 'NEUTROPHIL': 3}"
95,"[('EOSINOPHIL', (28, 138, 35, 42)), ('LYMPHOCYTE', (154, 165, 26, 37)), ('NEUTROPHIL', (35, 25, 29, 44)), ('NEUTROPHIL', (144, 70, 29, 39))]","{'EOSINOPHIL': 1, 'LYMPHOCYTE': 1, 'NEUTROPHIL': 2}"
96,"[('NEUTROPHIL', (32, 70, 29, 39)), ('NEUTROPHIL', (153, 16, 34, 43)), ('NEUTROPHIL', (67, 156, 29, 44)), ('NEUTROPHIL', (140, 168, 34, 43))]",{'NEUTROPHIL': 4}
97,"[('NEUTROPHIL', (13, 64, 33, 44)), ('NEUTROPHIL', (147, 25, 29, 44)), ('NEUTROPHIL', (35, 137, 29, 44)), ('NEUTROPHIL', (173, 166, 30, 47))]",{'NEUTROPHIL': 4}
98,"[('EOSINOPHIL', (161, 19, 34, 40)), ('LYMPHOCYTE', (45, 20, 23, 46)), ('LYMPHOCYTE', (49, 161, 25, 28)), ('NEUTROPHIL', (169, 157, 34, 46))]","{'EOSINOPHIL': 1, 'LYMPHOCYTE': 2, 'NEUTROPHIL': 1}"
99,"[('LYMPHOCYTE', (44, 194, 27, 30)), ('NEUTROPHIL', (72, 53, 34, 39)), ('NEUTROPHIL', (169, 45, 34, 46)), ('NEUTROPHIL', (145, 169, 30, 49))]","{'LYMPHOCYTE': 1, 'NEUTROPHIL': 3}"
100,"[('LYMPHOCYTE', (196, 64, 28, 45)), ('LYMPHOCYTE', (127, 168, 25, 36)), ('NEUTROPHIL', (14, 23, 33, 44)), ('NEUTROPHIL', (4, 151, 29, 49))]","{'LYMPHOCYTE': 2, 'NEUTROPHIL': 2}"
101,"[('EOSINOPHIL', (149, 42, 31, 45)), ('LYMPHOCYTE', (35, 159, 24, 28)), ('NEUTROPHIL', (47, 0, 34, 41)), ('NEUTROPHIL', (191, 184, 32, 40))]","{'EOSINOPHIL': 1, 'LYMPHOCYTE': 1, 'NEUTROPHIL': 2}"
102,"[('EOSINOPHIL', (145, 13, 37, 47)), ('EOSINOPHIL', (28, 138, 35, 42)), ('EOSINOPHIL', (145, 168, 43, 50)), ('NEUTROPHIL', (79, 72, 32, 40))]","{'EOSINOPHIL': 3, 'NEUTROPHIL': 1}"
103,"[('MONOCYTE', (147, 186, 40, 38)), ('NEUTROPHIL', (72, 53, 34, 39)), ('NEUTROPHIL', (159, 0, 34, 41)), ('NEUTROPHIL', (26, 150, 29, 46))]","{'MONOCYTE': 1, 'NEUTROPHIL': 3}"
104,"[('EOSINOPHIL', (6, 159, 32, 33)), ('LYMPHOCYTE', (49, 47, 23, 29)), ('LYMPHOCYTE', (158, 6, 34, 39)), ('NEUTROPHIL', (172, 126, 30, 44))]","{'EOSINOPHIL': 1, 'LYMPHOCYTE': 2, 'NEUTROPHIL': 1}"
105,"[('EOSINOPHIL', (145, 13, 37, 47)), ('EOSINOPHIL', (145, 168, 43, 50)), ('LYMPHOCYTE', (35, 159, 24, 28)), ('NEUTROPHIL', (37, 10, 31, 41))]","{'EOSINOPHIL': 2, 'LYMPHOCYTE': 1, 'NEUTROPHIL': 1}"
106,"[('EOSINOPHIL', (60, 43, 28, 44)), ('EOSINOPHIL', (158, 112, 33, 37)), ('NEUTROPHIL', (145, 30, 30, 42)), ('NEUTROPHIL', (36, 139, 33, 42))]","{'EOSINOPHIL': 2, 'NEUTROPHIL': 2}"
107,"[('NEUTROPHIL', (64, 86, 30, 26)), ('NEUTROPHIL', (170, 9, 30, 39)), ('NEUTROPHIL', (41, 176, 30, 48)), ('NEUTROPHIL', (176, 198, 30, 26))]",{'NEUTROPHIL': 4}
108,"[('EOSINOPHIL', (9, 47, 28, 42)), ('EOSINOPHIL', (49, 172, 27, 44)), ('NEUTROPHIL', (149, 10, 31, 41)), ('NEUTROPHIL', (159, 170, 30, 41))]","{'EOSINOPHIL': 2, 'NEUTROPHIL': 2}"
109,"[('EOSINOPHIL', (147, 21, 31, 42)), ('NEUTROPHIL', (43, 66, 31, 44)), ('NEUTROPHIL', (47, 148, 32, 45)), ('NEUTROPHIL', (125, 176, 33, 44))]","{'EOSINOPHIL': 1, 'NEUTROPHIL': 3}"
110,"[('EOSINOPHIL', (153, 50, 29, 40)), ('MONOCYTE', (44, 150, 33, 47)), ('NEUTROPHIL', (21, 54, 35, 47)), ('NEUTROPHIL', (176, 198, 30, 26))]","{'EOSINOPHIL': 1, 'MONOCYTE': 1, 'NEUTROPHIL': 2}"
111,"[('EOSINOPHIL', (143, 175, 41, 34)), ('NEUTROPHIL', (49, 0, 33, 42)), ('NEUTROPHIL', (148, 58, 30, 41)), ('NEUTROPHIL', (34, 168, 30, 56))]","{'EOSINOPHIL': 1, 'NEUTROPHIL': 3}"
112,"[('NEUTROPHIL', (57, 45, 34, 46)), ('NEUTROPHIL', (133, 54, 35, 47)), ('NEUTROPHIL', (61, 166, 30, 47)), ('NEUTROPHIL', (165, 166, 29, 38))]",{'NEUTROPHIL': 4}
113,"[('NEUTROPHIL', (43, 66, 31, 44)), ('NEUTROPHIL', (179, 44, 29, 44)), ('NEUTROPHIL', (23, 177, 33, 44)), ('NEUTROPHIL', (165, 166, 29, 38))]",{'NEUTROPHIL': 4}
114,"[('EOSINOPHIL', (46, 13, 40, 58)), ('NEUTROPHIL', (151, 49, 32, 46)), ('NEUTROPHIL', (35, 137, 29, 44)), ('NEUTROPHIL', (157, 146, 37, 44))]","{'EOSINOPHIL': 1, 'NEUTROPHIL': 3}"
115,"[('EOSINOPHIL', (140, 26, 35, 42)), ('LYMPHOCYTE', (45, 194, 24, 30)), ('NEUTROPHIL', (61, 54, 30, 47)), ('NEUTROPHIL', (135, 177, 33, 44))]","{'EOSINOPHIL': 1, 'LYMPHOCYTE': 1, 'NEUTROPHIL': 2}"
116,"[('EOSINOPHIL', (147, 21, 31, 42)), ('EOSINOPHIL', (76, 190, 28, 34)), ('MONOCYTE', (34, 49, 38, 53)), ('NEUTROPHIL', (135, 177, 33, 44))]","{'EOSINOPHIL': 2, 'MONOCYTE': 1, 'NEUTROPHIL': 1}"
117,"[('EOSINOPHIL', (34, 197, 43, 27)), ('MONOCYTE', (163, 11, 44, 50)), ('NEUTROPHIL', (17, 35, 32, 50)), ('NEUTROPHIL', (179, 156, 29, 44))]","{'EOSINOPHIL': 1, 'MONOCYTE': 1, 'NEUTROPHIL': 2}"
118,"[('EOSINOPHIL', (149, 154, 31, 45)), ('MONOCYTE', (163, 11, 44, 50)), ('NEUTROPHIL', (64, 86, 30, 26)), ('NEUTROPHIL', (24, 152, 32, 39))]","{'EOSINOPHIL': 1, 'MONOCYTE': 1, 'NEUTROPHIL': 2}"
119,"[('EOSINOPHIL', (6, 47, 32, 33)), ('LYMPHOCYTE', (42, 165, 26, 37)), ('NEUTROPHIL', (191, 72, 32, 40)), ('NEUTROPHIL', (144, 182, 29, 39))]","{'EOSINOPHIL': 1, 'LYMPHOCYTE': 1, 'NEUTROPHIL': 2}"
120,"[('EOSINOPHIL', (169, 112, 43, 59)), ('NEUTROPHIL', (35, 58, 33, 44)), ('NEUTROPHIL', (159, 36, 32, 45)), ('NEUTROPHIL', (24, 152, 32, 39))]","{'EOSINOPHIL': 1, 'NEUTROPHIL': 3}"
121,"[('EOSINOPHIL', (158, 13, 40, 58)), ('EOSINOPHIL', (161, 172, 27, 44)), ('NEUTROPHIL', (0, 53, 23, 41)), ('NEUTROPHIL', (45, 130, 33, 48))]","{'EOSINOPHIL': 2, 'NEUTROPHIL': 2}"
122,"[('EOSINOPHIL', (49, 42, 30, 40)), ('EOSINOPHIL', (46, 112, 33, 37)), ('NEUTROPHIL', (145, 30, 30, 42)), ('NEUTROPHIL', (184, 165, 34, 39))]","{'EOSINOPHIL': 2, 'NEUTROPHIL': 2}"
123,"[('EOSINOPHIL', (54, 61, 39, 39)), ('NEUTROPHIL', (136, 36, 35, 46)), ('NEUTROPHIL', (79, 184, 32, 40)), ('NEUTROPHIL', (184, 165, 34, 39))]","{'EOSINOPHIL': 1, 'NEUTROPHIL': 3}"
124,"[('NEUTROPHIL', (57, 45, 34, 46)), ('NEUTROPHIL', (157, 18, 33, 48)), ('NEUTROPHIL', (43, 178, 31, 44)), ('NEUTROPHIL', (141, 168, 32, 38))]",{'NEUTROPHIL': 4}
125,"[('EOSINOPHIL', (47, 5, 38, 49)), ('EOSINOPHIL', (172, 155, 28, 44)), ('NEUTROPHIL', (148, 58, 30, 41)), ('NEUTROPHIL', (14, 135, 33, 44))]","{'EOSINOPHIL': 2, 'NEUTROPHIL': 2}"
126,"[('EOSINOPHIL', (18, 1, 30, 51)), ('MONOCYTE', (34, 161, 38, 53)), ('NEUTROPHIL', (149, 10, 31, 41)), ('NEUTROPHIL', (172, 195, 40, 29))]","{'EOSINOPHIL': 1, 'MONOCYTE': 1, 'NEUTROPHIL': 2}"
127,"[('NEUTROPHIL', (58, 9, 30, 39)), ('NEUTROPHIL', (116, 39, 29, 49)), ('NEUTROPHIL', (13, 176, 33, 44)), ('NEUTROPHIL', (173, 166, 30, 47))]",{'NEUTROPHIL': 4}
128,"[('EOSINOPHIL', (46, 0, 33, 37)), ('EOSINOPHIL', (46, 125, 40, 58)), ('EOSINOPHIL', (188, 190, 28, 34)), ('NEUTROPHIL', (134, 0, 33, 34))]","{'EOSINOPHIL': 3, 'NEUTROPHIL': 1}"
129,"[('LYMPHOCYTE', (157, 82, 24, 30)), ('NEUTROPHIL', (21, 54, 35, 47)), ('NEUTROPHIL', (41, 128, 34, 43)), ('NEUTROPHIL', (114, 174, 30, 41))]","{'LYMPHOCYTE': 1, 'NEUTROPHIL': 3}"
130,"[('EOSINOPHIL', (35, 133, 31, 42)), ('NEUTROPHIL', (61, 54, 30, 47)), ('NEUTROPHIL', (144, 0, 22, 33)), ('NEUTROPHIL', (170, 121, 30, 39))]","{'EOSINOPHIL': 1, 'NEUTROPHIL': 3}"
131,"[('MONOCYTE', (34, 49, 38, 53)), ('MONOCYTE', (156, 150, 33, 47)), ('NEUTROPHIL', (136, 36, 35, 46)), ('NEUTROPHIL', (39, 161, 32, 46))]","{'MONOCYTE': 2, 'NEUTROPHIL': 2}"
132,"[('EOSINOPHIL', (47, 117, 38, 49)), ('MONOCYTE', (158, 0, 46, 53)), ('NEUTROPHIL', (24, 36, 35, 46)), ('NEUTROPHIL', (155, 119, 32, 40))]","{'EOSINOPHIL': 1, 'MONOCYTE': 1, 'NEUTROPHIL': 2}"
133,"[('EOSINOPHIL', (161, 42, 30, 40)), ('LYMPHOCYTE', (161, 159, 23, 29)), ('NEUTROPHIL', (58, 9, 30, 39)), ('NEUTROPHIL', (36, 170, 30, 41))]","{'EOSINOPHIL': 1, 'LYMPHOCYTE': 1, 'NEUTROPHIL': 2}"
134,"[('EOSINOPHIL', (28, 26, 35, 42)), ('EOSINOPHIL', (161, 19, 34, 40)), ('NEUTROPHIL', (35, 137, 29, 44)), ('NEUTROPHIL', (153, 176, 30, 48))]","{'EOSINOPHIL': 2, 'NEUTROPHIL': 2}"
135,"[('EOSINOPHIL', (146, 197, 43, 27)), ('LYMPHOCYTE', (35, 58, 31, 42)), ('LYMPHOCYTE', (127, 56, 25, 36)), ('NEUTROPHIL', (47, 148, 32, 45))]","{'EOSINOPHIL': 1, 'LYMPHOCYTE': 2, 'NEUTROPHIL': 1}"
136,"[('LYMPHOCYTE', (9, 165, 34, 38)), ('MONOCYTE', (147, 74, 40, 38)), ('NEUTROPHIL', (36, 58, 30, 41)), ('NEUTROPHIL', (140, 168, 34, 43))]","{'LYMPHOCYTE': 1, 'MONOCYTE': 1, 'NEUTROPHIL': 2}"
137,"[('EOSINOPHIL', (46, 0, 33, 37)), ('NEUTROPHIL', (169, 45, 34, 46)), ('NEUTROPHIL', (66, 125, 33, 39)), ('NEUTROPHIL', (153, 176, 30, 48))]","{'EOSINOPHIL': 1, 'NEUTROPHIL': 3}"
138,"[('NEUTROPHIL', (24, 36, 35, 46)), ('NEUTROPHIL', (136, 36, 35, 46)), ('NEUTROPHIL', (32, 112, 22, 33)), ('NEUTROPHIL', (159, 112, 34, 41))]",{'NEUTROPHIL': 4}
139,"[('EOSINOPHIL', (34, 197, 43, 27)), ('NEUTROPHIL', (34, 66, 35, 41)), ('NEUTROPHIL', (178, 13, 33, 39)), ('NEUTROPHIL', (141, 168, 32, 38))]","{'EOSINOPHIL': 1, 'NEUTROPHIL': 3}"
140,"[('MONOCYTE', (163, 11, 44, 50)), ('NEUTROPHIL', (79, 72, 32, 40)), ('NEUTROPHIL', (47, 170, 30, 41)), ('NEUTROPHIL', (138, 150, 29, 46))]","{'MONOCYTE': 1, 'NEUTROPHIL': 3}"
141,"[('LYMPHOCYTE', (84, 64, 28, 45)), ('LYMPHOCYTE', (154, 180, 23, 44)), ('NEUTROPHIL', (145, 57, 30, 49)), ('NEUTROPHIL', (0, 165, 23, 41))]","{'LYMPHOCYTE': 2, 'NEUTROPHIL': 2}"
142,"[('NEUTROPHIL', (50, 31, 32, 46)), ('NEUTROPHIL', (134, 0, 33, 34)), ('NEUTROPHIL', (66, 125, 33, 39)), ('NEUTROPHIL', (128, 194, 31, 30)), ('NEUTROPHIL', (144, 117, 31, 42))]",{'NEUTROPHIL': 5}
143,"[('LYMPHOCYTE', (15, 56, 25, 36)), ('NEUTROPHIL', (134, 0, 36, 38)), ('NEUTROPHIL', (57, 157, 34, 46)), ('NEUTROPHIL', (176, 198, 30, 26))]","{'LYMPHOCYTE': 1, 'NEUTROPHIL': 3}"
144,"[('EOSINOPHIL', (49, 60, 27, 44)), ('EOSINOPHIL', (172, 155, 28, 44)), ('LYMPHOCYTE', (161, 47, 23, 29)), ('NEUTROPHIL', (4, 151, 29, 49))]","{'EOSINOPHIL': 2, 'LYMPHOCYTE': 1, 'NEUTROPHIL': 1}"
145,"[('MONOCYTE', (55, 187, 29, 37)), ('NEUTROPHIL', (57, 45, 34, 46)), ('NEUTROPHIL', (161, 0, 33, 42)), ('NEUTROPHIL', (135, 177, 33, 44))]","{'MONOCYTE': 1, 'NEUTROPHIL': 3}"
146,"[('NEUTROPHIL', (36, 27, 33, 42)), ('NEUTROPHIL', (157, 18, 33, 48)), ('NEUTROPHIL', (17, 147, 32, 50)), ('NEUTROPHIL', (140, 168, 34, 43))]",{'NEUTROPHIL': 4}
147,"[('LYMPHOCYTE', (46, 6, 34, 39)), ('LYMPHOCYTE', (45, 194, 24, 30)), ('NEUTROPHIL', (147, 58, 33, 44)), ('NEUTROPHIL', (126, 135, 33, 44))]","{'LYMPHOCYTE': 2, 'NEUTROPHIL': 2}"
148,"[('EOSINOPHIL', (49, 154, 30, 40)), ('NEUTROPHIL', (17, 35, 32, 50)), ('NEUTROPHIL', (163, 57, 32, 39)), ('NEUTROPHIL', (149, 122, 31, 41))]","{'EOSINOPHIL': 1, 'NEUTROPHIL': 3}"
149,"[('EOSINOPHIL', (47, 117, 38, 49)), ('MONOCYTE', (112, 15, 29, 48)), ('NEUTROPHIL', (43, 7, 32, 40)), ('NEUTROPHIL', (141, 168, 32, 38))]","{'EOSINOPHIL': 1, 'MONOCYTE': 1, 'NEUTROPHIL': 2}"
150,"[('MONOCYTE', (147, 74, 40, 38)), ('NEUTROPHIL', (16, 82, 31, 30)), ('NEUTROPHIL', (31, 5, 31, 42)), ('NEUTROPHIL', (24, 148, 35, 46)), ('NEUTROPHIL', (140, 168, 34, 43))]","{'MONOCYTE': 1, 'NEUTROPHIL': 4}"
151,"[('LYMPHOCYTE', (42, 68, 23, 44)), ('MONOCYTE', (147, 186, 40, 38)), ('NEUTROPHIL', (114, 62, 30, 41)), ('NEUTROPHIL', (34, 178, 35, 41))]","{'LYMPHOCYTE': 1, 'MONOCYTE': 1, 'NEUTROPHIL': 2}"
152,"[('EOSINOPHIL', (54, 173, 39, 39)), ('MONOCYTE', (34, 49, 38, 53)), ('MONOCYTE', (146, 161, 38, 53)), ('NEUTROPHIL', (129, 35, 32, 50))]","{'EOSINOPHIL': 1, 'MONOCYTE': 2, 'NEUTROPHIL': 1}"
153,"[('EOSINOPHIL', (35, 21, 31, 42)), ('EOSINOPHIL', (166, 61, 39, 39)), ('EOSINOPHIL', (46, 125, 40, 58)), ('LYMPHOCYTE', (121, 165, 34, 38))]","{'EOSINOPHIL': 3, 'LYMPHOCYTE': 1}"
154,"[('LYMPHOCYTE', (127, 168, 25, 36)), ('NEUTROPHIL', (53, 54, 29, 38)), ('NEUTROPHIL', (172, 14, 30, 44)), ('NEUTROPHIL', (43, 178, 31, 44))]","{'LYMPHOCYTE': 1, 'NEUTROPHIL': 3}"
155,"[('EOSINOPHIL', (149, 42, 31, 45)), ('EOSINOPHIL', (47, 117, 38, 49)), ('EOSINOPHIL', (161, 131, 34, 40)), ('NEUTROPHIL', (32, 70, 29, 39))]","{'EOSINOPHIL': 3, 'NEUTROPHIL': 1}"
156,"[('EOSINOPHIL', (158, 13, 40, 58)), ('LYMPHOCYTE', (45, 132, 23, 46)), ('NEUTROPHIL', (66, 13, 33, 39)), ('NEUTROPHIL', (172, 195, 40, 29))]","{'EOSINOPHIL': 1, 'LYMPHOCYTE': 1, 'NEUTROPHIL': 2}"
157,"[('EOSINOPHIL', (60, 43, 28, 44)), ('EOSINOPHIL', (161, 19, 34, 40)), ('NEUTROPHIL', (39, 112, 30, 27)), ('NEUTROPHIL', (172, 126, 30, 44))]","{'EOSINOPHIL': 2, 'NEUTROPHIL': 2}"
158,"[('MONOCYTE', (156, 150, 33, 47)), ('NEUTROPHIL', (37, 10, 31, 41)), ('NEUTROPHIL', (145, 30, 30, 42)), ('NEUTROPHIL', (57, 157, 34, 46))]","{'MONOCYTE': 1, 'NEUTROPHIL': 3}"
159,"[('EOSINOPHIL', (76, 190, 28, 34)), ('NEUTROPHIL', (35, 25, 29, 44)), ('NEUTROPHIL', (138, 38, 29, 46)), ('NEUTROPHIL', (141, 168, 32, 38))]","{'EOSINOPHIL': 1, 'NEUTROPHIL': 3}"
160,"[('NEUTROPHIL', (45, 34, 37, 44)), ('NEUTROPHIL', (136, 36, 35, 46)), ('NEUTROPHIL', (36, 170, 30, 41)), ('NEUTROPHIL', (144, 182, 29, 39))]",{'NEUTROPHIL': 4}
161,"[('EOSINOPHIL', (147, 21, 31, 42)), ('MONOCYTE', (34, 161, 38, 53)), ('NEUTROPHIL', (58, 9, 30, 39)), ('NEUTROPHIL', (145, 142, 30, 42))]","{'EOSINOPHIL': 1, 'MONOCYTE': 1, 'NEUTROPHIL': 2}"
162,"[('EOSINOPHIL', (161, 172, 27, 44)), ('LYMPHOCYTE', (45, 82, 24, 30)), ('NEUTROPHIL', (141, 56, 32, 38)), ('NEUTROPHIL', (36, 139, 33, 42))]","{'EOSINOPHIL': 1, 'LYMPHOCYTE': 1, 'NEUTROPHIL': 2}"
163,"[('LYMPHOCYTE', (127, 56, 25, 36)), ('LYMPHOCYTE', (49, 161, 25, 28)), ('NEUTROPHIL', (14, 23, 33, 44)), ('NEUTROPHIL', (165, 166, 29, 38))]","{'LYMPHOCYTE': 2, 'NEUTROPHIL': 2}"
164,"[('EOSINOPHIL', (35, 21, 31, 42)), ('EOSINOPHIL', (33, 168, 43, 50)), ('EOSINOPHIL', (161, 131, 34, 40)), ('NEUTROPHIL', (116, 39, 29, 49))]","{'EOSINOPHIL': 3, 'NEUTROPHIL': 1}"
165,"[('NEUTROPHIL', (0, 53, 23, 41)), ('NEUTROPHIL', (125, 64, 33, 44)), ('NEUTROPHIL', (43, 178, 31, 44)), ('NEUTROPHIL', (136, 152, 32, 39))]",{'NEUTROPHIL': 4}
166,"[('EOSINOPHIL', (153, 162, 29, 40)), ('MONOCYTE', (55, 187, 29, 37)), ('NEUTROPHIL', (35, 58, 33, 44)), ('NEUTROPHIL', (178, 13, 33, 39))]","{'EOSINOPHIL': 1, 'MONOCYTE': 1, 'NEUTROPHIL': 2}"
167,"[('EOSINOPHIL', (6, 159, 32, 33)), ('NEUTROPHIL', (43, 66, 31, 44)), ('NEUTROPHIL', (134, 0, 36, 38)), ('NEUTROPHIL', (148, 139, 33, 42))]","{'EOSINOPHIL': 1, 'NEUTROPHIL': 3}"
168,"[('EOSINOPHIL', (28, 138, 35, 42)), ('EOSINOPHIL', (147, 133, 31, 42)), ('NEUTROPHIL', (24, 40, 32, 39)), ('NEUTROPHIL', (144, 0, 22, 33))]","{'EOSINOPHIL': 2, 'NEUTROPHIL': 2}"
169,"[('MONOCYTE', (0, 127, 29, 48)), ('NEUTROPHIL', (45, 34, 37, 44)), ('NEUTROPHIL', (159, 36, 32, 45)), ('NEUTROPHIL', (126, 135, 33, 44))]","{'MONOCYTE': 1, 'NEUTROPHIL': 3}"
170,"[('LYMPHOCYTE', (156, 82, 27, 30)), ('NEUTROPHIL', (33, 30, 30, 42)), ('NEUTROPHIL', (64, 198, 30, 26)), ('NEUTROPHIL', (172, 195, 40, 29))]","{'LYMPHOCYTE': 1, 'NEUTROPHIL': 3}"
171,"[('LYMPHOCYTE', (156, 194, 27, 30)), ('MONOCYTE', (163, 11, 44, 50)), ('NEUTROPHIL', (60, 83, 40, 29)), ('NEUTROPHIL', (45, 130, 33, 48))]","{'LYMPHOCYTE': 1, 'MONOCYTE': 1, 'NEUTROPHIL': 2}"
172,"[('EOSINOPHIL', (28, 138, 35, 42)), ('LYMPHOCYTE', (15, 56, 25, 36)), ('LYMPHOCYTE', (147, 170, 31, 42)), ('NEUTROPHIL', (172, 83, 40, 29))]","{'EOSINOPHIL': 1, 'LYMPHOCYTE': 2, 'NEUTROPHIL': 1}"
173,"[('EOSINOPHIL', (54, 61, 39, 39)), ('EOSINOPHIL', (33, 168, 43, 50)), ('NEUTROPHIL', (172, 83, 40, 29)), ('NEUTROPHIL', (133, 166, 35, 47))]","{'EOSINOPHIL': 2, 'NEUTROPHIL': 2}"
174,"[('EOSINOPHIL', (188, 190, 28, 34)), ('LYMPHOCYTE', (42, 68, 23, 44)), ('LYMPHOCYTE', (154, 68, 23, 44)), ('NEUTROPHIL', (39, 112, 30, 27))]","{'EOSINOPHIL': 1, 'LYMPHOCYTE': 2, 'NEUTROPHIL': 1}"
175,"[('LYMPHOCYTE', (157, 82, 24, 30)), ('NEUTROPHIL', (33, 30, 30, 42)), ('NEUTROPHIL', (33, 169, 30, 49)), ('NEUTROPHIL', (191, 184, 32, 40))]","{'LYMPHOCYTE': 1, 'NEUTROPHIL': 3}"
176,"[('EOSINOPHIL', (118, 47, 32, 33)), ('EOSINOPHIL', (130, 113, 30, 51)), ('MONOCYTE', (46, 0, 46, 53)), ('NEUTROPHIL', (28, 121, 31, 42))]","{'EOSINOPHIL': 2, 'MONOCYTE': 1, 'NEUTROPHIL': 1}"
177,"[('EOSINOPHIL', (49, 42, 30, 40)), ('NEUTROPHIL', (134, 0, 33, 34)), ('NEUTROPHIL', (72, 165, 34, 39)), ('NEUTROPHIL', (126, 135, 33, 44))]","{'EOSINOPHIL': 1, 'NEUTROPHIL': 3}"
178,"[('LYMPHOCYTE', (49, 49, 25, 28)), ('MONOCYTE', (112, 15, 29, 48)), ('NEUTROPHIL', (60, 126, 30, 44)), ('NEUTROPHIL', (135, 177, 33, 44))]","{'LYMPHOCYTE': 1, 'MONOCYTE': 1, 'NEUTROPHIL': 2}"
179,"[('EOSINOPHIL', (146, 85, 43, 27)), ('EOSINOPHIL', (57, 112, 43, 59)), ('MONOCYTE', (147, 186, 40, 38)), ('NEUTROPHIL', (61, 54, 30, 47))]","{'EOSINOPHIL': 2, 'MONOCYTE': 1, 'NEUTROPHIL': 1}"
180,"[('EOSINOPHIL', (158, 0, 33, 37)), ('LYMPHOCYTE', (9, 53, 34, 38)), ('LYMPHOCYTE', (157, 194, 24, 30)), ('NEUTROPHIL', (22, 112, 33, 34))]","{'EOSINOPHIL': 1, 'LYMPHOCYTE': 2, 'NEUTROPHIL': 1}"
181,"[('EOSINOPHIL', (188, 78, 28, 34)), ('EOSINOPHIL', (177, 112, 27, 29)), ('LYMPHOCYTE', (44, 82, 27, 30)), ('NEUTROPHIL', (33, 142, 30, 42))]","{'EOSINOPHIL': 2, 'LYMPHOCYTE': 1, 'NEUTROPHIL': 1}"
182,"[('EOSINOPHIL', (49, 19, 34, 40)), ('LYMPHOCYTE', (127, 168, 25, 36)), ('NEUTROPHIL', (134, 0, 36, 38)), ('NEUTROPHIL', (0, 165, 23, 41))]","{'EOSINOPHIL': 1, 'LYMPHOCYTE': 1, 'NEUTROPHIL': 2}"
183,"[('MONOCYTE', (46, 0, 46, 53)), ('MONOCYTE', (0, 127, 29, 48)), ('NEUTROPHIL', (151, 0, 30, 27)), ('NEUTROPHIL', (140, 121, 31, 42))]","{'MONOCYTE': 2, 'NEUTROPHIL': 2}"
184,"[('NEUTROPHIL', (16, 82, 31, 30)), ('NEUTROPHIL', (31, 5, 31, 42)), ('NEUTROPHIL', (148, 58, 30, 41)), ('NEUTROPHIL', (43, 178, 31, 44)), ('NEUTROPHIL', (144, 112, 22, 33))]",{'NEUTROPHIL': 5}
185,"[('NEUTROPHIL', (39, 49, 32, 46)), ('NEUTROPHIL', (126, 23, 33, 44)), ('NEUTROPHIL', (33, 142, 30, 42)), ('NEUTROPHIL', (140, 168, 34, 43))]",{'NEUTROPHIL': 4}
186,"[('EOSINOPHIL', (188, 190, 28, 34)), ('MONOCYTE', (167, 75, 29, 37)), ('NEUTROPHIL', (41, 16, 34, 43)), ('NEUTROPHIL', (60, 126, 30, 44))]","{'EOSINOPHIL': 1, 'MONOCYTE': 1, 'NEUTROPHIL': 2}"
187,"[('LYMPHOCYTE', (49, 47, 23, 29)), ('LYMPHOCYTE', (161, 49, 25, 28)), ('NEUTROPHIL', (60, 126, 30, 44)), ('NEUTROPHIL', (172, 195, 40, 29))]","{'LYMPHOCYTE': 2, 'NEUTROPHIL': 2}"
188,"[('EOSINOPHIL', (130, 113, 30, 51)), ('MONOCYTE', (167, 75, 29, 37)), ('NEUTROPHIL', (53, 54, 29, 38)), ('NEUTROPHIL', (22, 112, 36, 38))]","{'EOSINOPHIL': 1, 'MONOCYTE': 1, 'NEUTROPHIL': 2}"
189,"[('EOSINOPHIL', (121, 159, 28, 42)), ('LYMPHOCYTE', (35, 159, 24, 28)), ('NEUTROPHIL', (17, 35, 32, 50)), ('NEUTROPHIL', (178, 13, 33, 39))]","{'EOSINOPHIL': 1, 'LYMPHOCYTE': 1, 'NEUTROPHIL': 2}"
190,"[('EOSINOPHIL', (143, 63, 41, 34)), ('LYMPHOCYTE', (44, 194, 27, 30)), ('NEUTROPHIL', (21, 54, 35, 47)), ('NEUTROPHIL', (172, 195, 40, 29))]","{'EOSINOPHIL': 1, 'LYMPHOCYTE': 1, 'NEUTROPHIL': 2}"
191,"[('EOSINOPHIL', (49, 19, 34, 40)), ('MONOCYTE', (158, 0, 46, 53)), ('NEUTROPHIL', (13, 176, 33, 44)), ('NEUTROPHIL', (163, 169, 32, 39))]","{'EOSINOPHIL': 1, 'MONOCYTE': 1, 'NEUTROPHIL': 2}"
192,"[('EOSINOPHIL', (64, 112, 46, 49)), ('LYMPHOCYTE', (156, 82, 27, 30)), ('LYMPHOCYTE', (196, 176, 28, 45)), ('NEUTROPHIL', (0, 53, 23, 41))]","{'EOSINOPHIL': 1, 'LYMPHOCYTE': 2, 'NEUTROPHIL': 1}"
193,"[('EOSINOPHIL', (64, 0, 46, 49)), ('EOSINOPHIL', (161, 19, 34, 40)), ('EOSINOPHIL', (57, 112, 43, 59)), ('NEUTROPHIL', (145, 169, 30, 49))]","{'EOSINOPHIL': 3, 'NEUTROPHIL': 1}"
194,"[('EOSINOPHIL', (41, 50, 29, 40)), ('EOSINOPHIL', (64, 112, 46, 49)), ('EOSINOPHIL', (149, 154, 31, 45)), ('NEUTROPHIL', (159, 36, 32, 45))]","{'EOSINOPHIL': 3, 'NEUTROPHIL': 1}"
195,"[('LYMPHOCYTE', (45, 20, 23, 46)), ('NEUTROPHIL', (179, 44, 29, 44)), ('NEUTROPHIL', (36, 139, 33, 42)), ('NEUTROPHIL', (159, 112, 34, 41))]","{'LYMPHOCYTE': 1, 'NEUTROPHIL': 3}"
196,"[('MONOCYTE', (34, 49, 38, 53)), ('MONOCYTE', (112, 127, 29, 48)), ('NEUTROPHIL', (153, 16, 34, 43)), ('NEUTROPHIL', (32, 112, 22, 33))]","{'MONOCYTE': 2, 'NEUTROPHIL': 2}"
197,"[('LYMPHOCYTE', (45, 82, 24, 30)), ('LYMPHOCYTE', (49, 159, 23, 29)), ('NEUTROPHIL', (172, 14, 30, 44)), ('NEUTROPHIL', (153, 128, 34, 43))]","{'LYMPHOCYTE': 2, 'NEUTROPHIL': 2}"
198,"[('EOSINOPHIL', (64, 0, 46, 49)), ('EOSINOPHIL', (31, 175, 41, 34)), ('EOSINOPHIL', (130, 113, 30, 51)), ('NEUTROPHIL', (159, 36, 32, 45))]","{'EOSINOPHIL': 3, 'NEUTROPHIL': 1}"
199,"[('EOSINOPHIL', (172, 155, 28, 44)), ('MONOCYTE', (163, 11, 44, 50)), ('NEUTROPHIL', (34, 66, 35, 41)), ('NEUTROPHIL', (45, 130, 33, 48))]","{'EOSINOPHIL': 1, 'MONOCYTE': 1, 'NEUTROPHIL': 2}"
200,"[('LYMPHOCYTE', (42, 53, 26, 37)), ('LYMPHOCYTE', (147, 170, 31, 42)), ('MONOCYTE', (46, 112, 46, 53)), ('NEUTROPHIL', (144, 0, 22, 33))]","{'LYMPHOCYTE': 2, 'MONOCYTE': 1, 'NEUTROPHIL': 1}"
201,"[('EOSINOPHIL', (31, 63, 41, 34)), ('NEUTROPHIL', (176, 86, 30, 26)), ('NEUTROPHIL', (47, 112, 34, 41)), ('NEUTROPHIL', (114, 174, 30, 41))]","{'EOSINOPHIL': 1, 'NEUTROPHIL': 3}"
202,"[('EOSINOPHIL', (31, 63, 41, 34)), ('EOSINOPHIL', (46, 112, 33, 37)), ('LYMPHOCYTE', (127, 168, 25, 36)), ('NEUTROPHIL', (146, 56, 30, 56))]","{'EOSINOPHIL': 2, 'LYMPHOCYTE': 1, 'NEUTROPHIL': 1}"
203,"[('EOSINOPHIL', (57, 0, 43, 59)), ('MONOCYTE', (0, 127, 29, 48)), ('NEUTROPHIL', (176, 86, 30, 26)), ('NEUTROPHIL', (155, 119, 32, 40))]","{'EOSINOPHIL': 1, 'MONOCYTE': 1, 'NEUTROPHIL': 2}"
204,"[('NEUTROPHIL', (14, 23, 33, 44)), ('NEUTROPHIL', (145, 30, 30, 42)), ('NEUTROPHIL', (47, 148, 32, 45)), ('NEUTROPHIL', (134, 112, 36, 38))]",{'NEUTROPHIL': 4}
205,"[('EOSINOPHIL', (9, 47, 28, 42)), ('LYMPHOCYTE', (46, 118, 34, 39)), ('NEUTROPHIL', (134, 0, 36, 38)), ('NEUTROPHIL', (114, 174, 30, 41))]","{'EOSINOPHIL': 1, 'LYMPHOCYTE': 1, 'NEUTROPHIL': 2}"
206,"[('EOSINOPHIL', (9, 47, 28, 42)), ('EOSINOPHIL', (145, 168, 43, 50)), ('MONOCYTE', (0, 127, 29, 48)), ('NEUTROPHIL', (148, 27, 33, 42))]","{'EOSINOPHIL': 2, 'MONOCYTE': 1, 'NEUTROPHIL': 1}"
207,"[('EOSINOPHIL', (54, 61, 39, 39)), ('EOSINOPHIL', (130, 1, 30, 51)), ('LYMPHOCYTE', (84, 176, 28, 45)), ('NEUTROPHIL', (148, 139, 33, 42))]","{'EOSINOPHIL': 2, 'LYMPHOCYTE': 1, 'NEUTROPHIL': 1}"
208,"[('NEUTROPHIL', (36, 27, 33, 42)), ('NEUTROPHIL', (162, 31, 32, 46)), ('NEUTROPHIL', (45, 130, 33, 48)), ('NEUTROPHIL', (149, 122, 31, 41))]",{'NEUTROPHIL': 4}
209,"[('NEUTROPHIL', (4, 39, 29, 49)), ('NEUTROPHIL', (148, 27, 33, 42)), ('NEUTROPHIL', (58, 121, 30, 39)), ('NEUTROPHIL', (125, 176, 33, 44))]",{'NEUTROPHIL': 4}
210,"[('EOSINOPHIL', (49, 131, 34, 40)), ('NEUTROPHIL', (79, 72, 32, 40)), ('NEUTROPHIL', (162, 31, 32, 46)), ('NEUTROPHIL', (172, 126, 30, 44))]","{'EOSINOPHIL': 1, 'NEUTROPHIL': 3}"
211,"[('EOSINOPHIL', (177, 0, 27, 29)), ('MONOCYTE', (158, 112, 46, 53)), ('NEUTROPHIL', (79, 72, 32, 40)), ('NEUTROPHIL', (34, 168, 30, 56))]","{'EOSINOPHIL': 1, 'MONOCYTE': 1, 'NEUTROPHIL': 2}"
212,"[('EOSINOPHIL', (158, 0, 33, 37)), ('MONOCYTE', (0, 15, 29, 48)), ('MONOCYTE', (0, 127, 29, 48)), ('NEUTROPHIL', (134, 112, 36, 38))]","{'EOSINOPHIL': 1, 'MONOCYTE': 2, 'NEUTROPHIL': 1}"
213,"[('EOSINOPHIL', (57, 0, 43, 59)), ('LYMPHOCYTE', (196, 64, 28, 45)), ('NEUTROPHIL', (64, 198, 30, 26)), ('NEUTROPHIL', (145, 142, 30, 42))]","{'EOSINOPHIL': 1, 'LYMPHOCYTE': 1, 'NEUTROPHIL': 2}"
214,"[('NEUTROPHIL', (24, 36, 35, 46)), ('NEUTROPHIL', (159, 0, 34, 41)), ('NEUTROPHIL', (66, 125, 33, 39)), ('NEUTROPHIL', (151, 161, 32, 46))]",{'NEUTROPHIL': 4}
215,"[('NEUTROPHIL', (23, 65, 33, 44)), ('NEUTROPHIL', (144, 70, 29, 39)), ('NEUTROPHIL', (35, 137, 29, 44)), ('NEUTROPHIL', (140, 121, 31, 42))]",{'NEUTROPHIL': 4}
216,"[('EOSINOPHIL', (158, 13, 40, 58)), ('LYMPHOCYTE', (45, 20, 23, 46)), ('MONOCYTE', (147, 186, 40, 38)), ('NEUTROPHIL', (43, 119, 32, 40))]","{'EOSINOPHIL': 1, 'LYMPHOCYTE': 1, 'MONOCYTE': 1, 'NEUTROPHIL': 1}"
217,"[('EOSINOPHIL', (169, 0, 43, 59)), ('MONOCYTE', (0, 15, 29, 48)), ('NEUTROPHIL', (57, 157, 34, 46)), ('NEUTROPHIL', (161, 112, 33, 42))]","{'EOSINOPHIL': 1, 'MONOCYTE': 1, 'NEUTROPHIL': 2}"
218,"[('LYMPHOCYTE', (35, 170, 31, 42)), ('MONOCYTE', (34, 49, 38, 53)), ('MONOCYTE', (112, 127, 29, 48)), ('NEUTROPHIL', (114, 62, 30, 41))]","{'LYMPHOCYTE': 1, 'MONOCYTE': 2, 'NEUTROPHIL': 1}"
219,"[('EOSINOPHIL', (38, 56, 39, 48)), ('LYMPHOCYTE', (161, 49, 25, 28)), ('MONOCYTE', (44, 150, 33, 47)), ('NEUTROPHIL', (148, 170, 30, 41))]","{'EOSINOPHIL': 1, 'LYMPHOCYTE': 1, 'MONOCYTE': 1, 'NEUTROPHIL': 1}"
220,"[('LYMPHOCYTE', (156, 194, 27, 30)), ('MONOCYTE', (46, 112, 46, 53)), ('NEUTROPHIL', (67, 44, 29, 44)), ('NEUTROPHIL', (135, 65, 33, 44))]","{'LYMPHOCYTE': 1, 'MONOCYTE': 1, 'NEUTROPHIL': 2}"
221,"[('EOSINOPHIL', (140, 26, 35, 42)), ('EOSINOPHIL', (158, 112, 33, 37)), ('MONOCYTE', (46, 112, 46, 53)), ('NEUTROPHIL', (51, 57, 32, 39))]","{'EOSINOPHIL': 2, 'MONOCYTE': 1, 'NEUTROPHIL': 1}"
222,"[('EOSINOPHIL', (49, 131, 34, 40)), ('NEUTROPHIL', (0, 53, 23, 41)), ('NEUTROPHIL', (134, 0, 33, 34)), ('NEUTROPHIL', (173, 166, 30, 47))]","{'EOSINOPHIL': 1, 'NEUTROPHIL': 3}"
223,"[('EOSINOPHIL', (121, 47, 28, 42)), ('LYMPHOCYTE', (161, 161, 25, 28)), ('NEUTROPHIL', (60, 83, 40, 29)), ('NEUTROPHIL', (32, 112, 22, 33))]","{'EOSINOPHIL': 1, 'LYMPHOCYTE': 1, 'NEUTROPHIL': 2}"
224,"[('LYMPHOCYTE', (9, 165, 34, 38)), ('NEUTROPHIL', (23, 65, 33, 44)), ('NEUTROPHIL', (145, 30, 30, 42)), ('NEUTROPHIL', (163, 169, 32, 39))]","{'LYMPHOCYTE': 1, 'NEUTROPHIL': 3}"
225,"[('EOSINOPHIL', (161, 42, 30, 40)), ('EOSINOPHIL', (146, 197, 43, 27)), ('NEUTROPHIL', (58, 9, 30, 39)), ('NEUTROPHIL', (67, 156, 29, 44))]","{'EOSINOPHIL': 2, 'NEUTROPHIL': 2}"
226,"[('MONOCYTE', (167, 75, 29, 37)), ('NEUTROPHIL', (21, 54, 35, 47)), ('NEUTROPHIL', (57, 157, 34, 46)), ('NEUTROPHIL', (184, 165, 34, 39))]","{'MONOCYTE': 1, 'NEUTROPHIL': 3}"
227,"[('EOSINOPHIL', (46, 0, 33, 37)), ('NEUTROPHIL', (116, 39, 29, 49)), ('NEUTROPHIL', (2, 174, 30, 41)), ('NEUTROPHIL', (176, 198, 30, 26))]","{'EOSINOPHIL': 1, 'NEUTROPHIL': 3}"
228,"[('LYMPHOCYTE', (9, 53, 34, 38)), ('NEUTROPHIL', (157, 18, 33, 48)), ('NEUTROPHIL', (2, 174, 30, 41)), ('NEUTROPHIL', (173, 166, 30, 47))]","{'LYMPHOCYTE': 1, 'NEUTROPHIL': 3}"
229,"[('NEUTROPHIL', (36, 27, 33, 42)), ('NEUTROPHIL', (129, 35, 32, 50)), ('NEUTROPHIL', (67, 156, 29, 44)), ('NEUTROPHIL', (157, 146, 37, 44))]",{'NEUTROPHIL': 4}
230,"[('EOSINOPHIL', (38, 56, 39, 48)), ('MONOCYTE', (55, 187, 29, 37)), ('NEUTROPHIL', (155, 7, 32, 40)), ('NEUTROPHIL', (153, 128, 34, 43))]","{'EOSINOPHIL': 1, 'MONOCYTE': 1, 'NEUTROPHIL': 2}"
231,"[('EOSINOPHIL', (158, 112, 33, 37)), ('LYMPHOCYTE', (35, 159, 24, 28)), ('MONOCYTE', (167, 75, 29, 37)), ('NEUTROPHIL', (37, 10, 31, 41))]","{'EOSINOPHIL': 1, 'LYMPHOCYTE': 1, 'MONOCYTE': 1, 'NEUTROPHIL': 1}"
232,"[('LYMPHOCYTE', (147, 159, 24, 28)), ('NEUTROPHIL', (33, 30, 30, 42)), ('NEUTROPHIL', (145, 30, 30, 42)), ('NEUTROPHIL', (21, 166, 35, 47))]","{'LYMPHOCYTE': 1, 'NEUTROPHIL': 3}"
233,"[('EOSINOPHIL', (150, 168, 39, 48)), ('MONOCYTE', (0, 15, 29, 48)), ('MONOCYTE', (156, 38, 33, 47)), ('NEUTROPHIL', (79, 184, 32, 40))]","{'EOSINOPHIL': 1, 'MONOCYTE': 2, 'NEUTROPHIL': 1}"
234,"[('LYMPHOCYTE', (84, 176, 28, 45)), ('LYMPHOCYTE', (156, 194, 27, 30)), ('NEUTROPHIL', (37, 10, 31, 41)), ('NEUTROPHIL', (138, 38, 29, 46))]","{'LYMPHOCYTE': 2, 'NEUTROPHIL': 2}"
235,"[('MONOCYTE', (147, 74, 40, 38)), ('NEUTROPHIL', (32, 0, 22, 33)), ('NEUTROPHIL', (50, 143, 32, 46)), ('NEUTROPHIL', (145, 142, 30, 42))]","{'MONOCYTE': 1, 'NEUTROPHIL': 3}"
236,"[('EOSINOPHIL', (49, 172, 27, 44)), ('LYMPHOCYTE', (15, 56, 25, 36)), ('NEUTROPHIL', (129, 35, 32, 50)), ('NEUTROPHIL', (145, 169, 30, 49))]","{'EOSINOPHIL': 1, 'LYMPHOCYTE': 1, 'NEUTROPHIL': 2}"
237,"[('EOSINOPHIL', (158, 125, 40, 58)), ('LYMPHOCYTE', (127, 56, 25, 36)), ('NEUTROPHIL', (41, 64, 30, 48)), ('NEUTROPHIL', (45, 130, 33, 48))]","{'EOSINOPHIL': 1, 'LYMPHOCYTE': 1, 'NEUTROPHIL': 2}"
238,"[('EOSINOPHIL', (150, 56, 39, 48)), ('LYMPHOCYTE', (44, 194, 27, 30)), ('LYMPHOCYTE', (147, 170, 31, 42)), ('NEUTROPHIL', (28, 9, 31, 42))]","{'EOSINOPHIL': 1, 'LYMPHOCYTE': 2, 'NEUTROPHIL': 1}"
239,"[('EOSINOPHIL', (31, 175, 41, 34)), ('EOSINOPHIL', (176, 112, 46, 49)), ('MONOCYTE', (46, 0, 46, 53)), ('NEUTROPHIL', (153, 64, 30, 48))]","{'EOSINOPHIL': 2, 'MONOCYTE': 1, 'NEUTROPHIL': 1}"
240,"[('EOSINOPHIL', (54, 173, 39, 39)), ('LYMPHOCYTE', (127, 56, 25, 36)), ('NEUTROPHIL', (14, 23, 33, 44)), ('NEUTROPHIL', (172, 126, 30, 44))]","{'EOSINOPHIL': 1, 'LYMPHOCYTE': 1, 'NEUTROPHIL': 2}"
241,"[('EOSINOPHIL', (64, 112, 46, 49)), ('EOSINOPHIL', (166, 173, 39, 39)), ('NEUTROPHIL', (16, 82, 31, 30)), ('NEUTROPHIL', (31, 5, 31, 42)), ('NEUTROPHIL', (155, 66, 31, 44))]","{'EOSINOPHIL': 2, 'NEUTROPHIL': 3}"
242,"[('NEUTROPHIL', (57, 45, 34, 46)), ('NEUTROPHIL', (178, 13, 33, 39)), ('NEUTROPHIL', (57, 157, 34, 46)), ('NEUTROPHIL', (114, 174, 30, 41))]",{'NEUTROPHIL': 4}
243,"[('MONOCYTE', (51, 123, 44, 50)), ('NEUTROPHIL', (36, 27, 33, 42)), ('NEUTROPHIL', (136, 40, 32, 39)), ('NEUTROPHIL', (165, 166, 29, 38))]","{'MONOCYTE': 1, 'NEUTROPHIL': 3}"
244,"[('EOSINOPHIL', (46, 0, 33, 37)), ('EOSINOPHIL', (169, 0, 43, 59)), ('EOSINOPHIL', (64, 112, 46, 49)), ('NEUTROPHIL', (159, 112, 34, 41))]","{'EOSINOPHIL': 3, 'NEUTROPHIL': 1}"
245,"[('EOSINOPHIL', (153, 50, 29, 40)), ('LYMPHOCYTE', (35, 159, 24, 28)), ('NEUTROPHIL', (17, 35, 32, 50)), ('NEUTROPHIL', (157, 146, 37, 44))]","{'EOSINOPHIL': 1, 'LYMPHOCYTE': 1, 'NEUTROPHIL': 2}"
246,"[('EOSINOPHIL', (46, 0, 33, 37)), ('NEUTROPHIL', (147, 25, 29, 44)), ('NEUTROPHIL', (47, 112, 34, 41)), ('NEUTROPHIL', (147, 170, 33, 44))]","{'EOSINOPHIL': 1, 'NEUTROPHIL': 3}"
247,"[('MONOCYTE', (55, 75, 29, 37)), ('NEUTROPHIL', (133, 54, 35, 47)), ('NEUTROPHIL', (22, 112, 33, 34)), ('NEUTROPHIL', (151, 161, 32, 46))]","{'MONOCYTE': 1, 'NEUTROPHIL': 3}"
248,"[('EOSINOPHIL', (47, 5, 38, 49)), ('EOSINOPHIL', (76, 190, 28, 34)), ('NEUTROPHIL', (147, 25, 29, 44)), ('NEUTROPHIL', (140, 168, 34, 43))]","{'EOSINOPHIL': 2, 'NEUTROPHIL': 2}"
249,"[('EOSINOPHIL', (149, 42, 31, 45)), ('EOSINOPHIL', (33, 125, 37, 47)), ('NEUTROPHIL', (47, 58, 30, 41)), ('NEUTROPHIL', (172, 195, 40, 29))]","{'EOSINOPHIL': 2, 'NEUTROPHIL': 2}"
250,"[('EOSINOPHIL', (158, 112, 33, 37)), ('MONOCYTE', (44, 38, 33, 47)), ('MONOCYTE', (147, 74, 40, 38)), ('NEUTROPHIL', (66, 125, 33, 39))]","{'EOSINOPHIL': 1, 'MONOCYTE': 2, 'NEUTROPHIL': 1}"
251,"[('EOSINOPHIL', (143, 175, 41, 34)), ('NEUTROPHIL', (64, 86, 30, 26)), ('NEUTROPHIL', (136, 36, 35, 46)), ('NEUTROPHIL', (49, 112, 33, 42))]","{'EOSINOPHIL': 1, 'NEUTROPHIL': 3}"
252,"[('NEUTROPHIL', (36, 27, 33, 42)), ('NEUTROPHIL', (135, 65, 33, 44)), ('NEUTROPHIL', (33, 169, 30, 49)), ('NEUTROPHIL', (151, 161, 32, 46))]",{'NEUTROPHIL': 4}
253,"[('EOSINOPHIL', (177, 0, 27, 29)), ('EOSINOPHIL', (34, 197, 43, 27)), ('NEUTROPHIL', (26, 38, 29, 46)), ('NEUTROPHIL', (159, 112, 34, 41))]","{'EOSINOPHIL': 2, 'NEUTROPHIL': 2}"
254,"[('EOSINOPHIL', (46, 13, 40, 58)), ('EOSINOPHIL', (159, 117, 38, 49)), ('NEUTROPHIL', (134, 0, 33, 34)), ('NEUTROPHIL', (14, 135, 33, 44))]","{'EOSINOPHIL': 2, 'NEUTROPHIL': 2}"
255,"[('NEUTROPHIL', (16, 82, 31, 30)), ('NEUTROPHIL', (31, 5, 31, 42)), ('NEUTROPHIL', (129, 35, 32, 50)), ('NEUTROPHIL', (24, 148, 35, 46)), ('NEUTROPHIL', (112, 165, 23, 41))]",{'NEUTROPHIL': 5}
256,"[('EOSINOPHIL', (28, 138, 35, 42)), ('NEUTROPHIL', (60, 83, 40, 29)), ('NEUTROPHIL', (149, 10, 31, 41)), ('NEUTROPHIL', (170, 121, 30, 39))]","{'EOSINOPHIL': 1, 'NEUTROPHIL': 3}"
257,"[('EOSINOPHIL', (161, 60, 27, 44)), ('LYMPHOCYTE', (45, 20, 23, 46)), ('NEUTROPHIL', (2, 174, 30, 41)), ('NEUTROPHIL', (129, 147, 32, 50))]","{'EOSINOPHIL': 1, 'LYMPHOCYTE': 1, 'NEUTROPHIL': 2}"
258,"[('NEUTROPHIL', (60, 14, 30, 44)), ('NEUTROPHIL', (179, 44, 29, 44)), ('NEUTROPHIL', (24, 148, 35, 46)), ('NEUTROPHIL', (148, 139, 33, 42))]",{'NEUTROPHIL': 4}
259,"[('EOSINOPHIL', (159, 5, 38, 49)), ('LYMPHOCYTE', (45, 132, 23, 46)), ('NEUTROPHIL', (51, 57, 32, 39)), ('NEUTROPHIL', (149, 122, 31, 41))]","{'EOSINOPHIL': 1, 'LYMPHOCYTE': 1, 'NEUTROPHIL': 2}"
260,"[('LYMPHOCYTE', (157, 82, 24, 30)), ('NEUTROPHIL', (58, 9, 30, 39)), ('NEUTROPHIL', (34, 178, 35, 41)), ('NEUTROPHIL', (179, 156, 29, 44))]","{'LYMPHOCYTE': 1, 'NEUTROPHIL': 3}"
261,"[('EOSINOPHIL', (146, 85, 43, 27)), ('LYMPHOCYTE', (84, 64, 28, 45)), ('NEUTROPHIL', (41, 176, 30, 48)), ('NEUTROPHIL', (172, 126, 30, 44))]","{'EOSINOPHIL': 1, 'LYMPHOCYTE': 1, 'NEUTROPHIL': 2}"
262,"[('EOSINOPHIL', (166, 61, 39, 39)), ('LYMPHOCYTE', (147, 159, 24, 28)), ('NEUTROPHIL', (0, 53, 23, 41)), ('NEUTROPHIL', (47, 148, 32, 45))]","{'EOSINOPHIL': 1, 'LYMPHOCYTE': 1, 'NEUTROPHIL': 2}"
263,"[('EOSINOPHIL', (118, 47, 32, 33)), ('NEUTROPHIL', (64, 86, 30, 26)), ('NEUTROPHIL', (29, 168, 32, 38)), ('NEUTROPHIL', (157, 146, 37, 44))]","{'EOSINOPHIL': 1, 'NEUTROPHIL': 3}"
264,"[('EOSINOPHIL', (35, 21, 31, 42)), ('EOSINOPHIL', (159, 5, 38, 49)), ('EOSINOPHIL', (159, 117, 38, 49)), ('NEUTROPHIL', (33, 142, 30, 42))]","{'EOSINOPHIL': 3, 'NEUTROPHIL': 1}"
265,"[('EOSINOPHIL', (150, 56, 39, 48)), ('EOSINOPHIL', (46, 112, 33, 37)), ('MONOCYTE', (46, 0, 46, 53)), ('NEUTROPHIL', (141, 168, 32, 38))]","{'EOSINOPHIL': 2, 'MONOCYTE': 1, 'NEUTROPHIL': 1}"
266,"[('EOSINOPHIL', (130, 113, 30, 51)), ('NEUTROPHIL', (4, 39, 29, 49)), ('NEUTROPHIL', (129, 35, 32, 50)), ('NEUTROPHIL', (57, 157, 34, 46))]","{'EOSINOPHIL': 1, 'NEUTROPHIL': 3}"
267,"[('NEUTROPHIL', (57, 45, 34, 46)), ('NEUTROPHIL', (178, 13, 33, 39)), ('NEUTROPHIL', (47, 148, 32, 45)), ('NEUTROPHIL', (141, 168, 32, 38))]",{'NEUTROPHIL': 4}
268,"[('LYMPHOCYTE', (35, 47, 24, 28)), ('NEUTROPHIL', (134, 0, 33, 34)), ('NEUTROPHIL', (43, 178, 31, 44)), ('NEUTROPHIL', (159, 148, 32, 45))]","{'LYMPHOCYTE': 1, 'NEUTROPHIL': 3}"
269,"[('MONOCYTE', (34, 49, 38, 53)), ('NEUTROPHIL', (146, 66, 35, 41)), ('NEUTROPHIL', (37, 122, 31, 41)), ('NEUTROPHIL', (148, 139, 33, 42))]","{'MONOCYTE': 1, 'NEUTROPHIL': 3}"
270,"[('EOSINOPHIL', (47, 5, 38, 49)), ('EOSINOPHIL', (130, 113, 30, 51)), ('NEUTROPHIL', (172, 83, 40, 29)), ('NEUTROPHIL', (47, 170, 30, 41))]","{'EOSINOPHIL': 2, 'NEUTROPHIL': 2}"
271,"[('EOSINOPHIL', (177, 0, 27, 29)), ('LYMPHOCYTE', (35, 47, 24, 28)), ('LYMPHOCYTE', (46, 118, 34, 39)), ('NEUTROPHIL', (144, 112, 22, 33))]","{'EOSINOPHIL': 1, 'LYMPHOCYTE': 2, 'NEUTROPHIL': 1}"
272,"[('EOSINOPHIL', (49, 60, 27, 44)), ('LYMPHOCYTE', (157, 20, 23, 46)), ('LYMPHOCYTE', (9, 165, 34, 38)), ('NEUTROPHIL', (163, 169, 32, 39))]","{'EOSINOPHIL': 1, 'LYMPHOCYTE': 2, 'NEUTROPHIL': 1}"
273,"[('EOSINOPHIL', (33, 168, 43, 50)), ('LYMPHOCYTE', (45, 20, 23, 46)), ('NEUTROPHIL', (159, 36, 32, 45)), ('NEUTROPHIL', (184, 165, 34, 39))]","{'EOSINOPHIL': 1, 'LYMPHOCYTE': 1, 'NEUTROPHIL': 2}"
274,"[('EOSINOPHIL', (64, 0, 46, 49)), ('LYMPHOCYTE', (49, 159, 23, 29)), ('LYMPHOCYTE', (161, 161, 25, 28)), ('NEUTROPHIL', (146, 66, 35, 41))]","{'EOSINOPHIL': 1, 'LYMPHOCYTE': 2, 'NEUTROPHIL': 1}"
275,"[('EOSINOPHIL', (169, 0, 43, 59)), ('MONOCYTE', (34, 49, 38, 53)), ('NEUTROPHIL', (21, 166, 35, 47)), ('NEUTROPHIL', (145, 169, 30, 49))]","{'EOSINOPHIL': 1, 'MONOCYTE': 1, 'NEUTROPHIL': 2}"
276,"[('EOSINOPHIL', (33, 168, 43, 50)), ('NEUTROPHIL', (51, 57, 32, 39)), ('NEUTROPHIL', (176, 86, 30, 26)), ('NEUTROPHIL', (146, 168, 30, 56))]","{'EOSINOPHIL': 1, 'NEUTROPHIL': 3}"
277,"[('EOSINOPHIL', (18, 1, 30, 51)), ('NEUTROPHIL', (151, 0, 30, 27)), ('NEUTROPHIL', (16, 194, 31, 30)), ('NEUTROPHIL', (31, 117, 31, 42)), ('NEUTROPHIL', (146, 178, 35, 41))]","{'EOSINOPHIL': 1, 'NEUTROPHIL': 4}"
278,"[('LYMPHOCYTE', (161, 47, 23, 29)), ('LYMPHOCYTE', (147, 170, 31, 42)), ('MONOCYTE', (0, 15, 29, 48)), ('NEUTROPHIL', (29, 168, 32, 38))]","{'LYMPHOCYTE': 2, 'MONOCYTE': 1, 'NEUTROPHIL': 1}"
279,"[('EOSINOPHIL', (176, 0, 46, 49)), ('LYMPHOCYTE', (147, 159, 24, 28)), ('NEUTROPHIL', (41, 64, 30, 48)), ('NEUTROPHIL', (4, 151, 29, 49))]","{'EOSINOPHIL': 1, 'LYMPHOCYTE': 1, 'NEUTROPHIL': 2}"
280,"[('LYMPHOCYTE', (147, 170, 31, 42)), ('NEUTROPHIL', (0, 53, 23, 41)), ('NEUTROPHIL', (134, 0, 33, 34)), ('NEUTROPHIL', (47, 112, 34, 41))]","{'LYMPHOCYTE': 1, 'NEUTROPHIL': 3}"
281,"[('LYMPHOCYTE', (35, 170, 31, 42)), ('NEUTROPHIL', (2, 62, 30, 41)), ('NEUTROPHIL', (153, 64, 30, 48)), ('NEUTROPHIL', (134, 112, 36, 38))]","{'LYMPHOCYTE': 1, 'NEUTROPHIL': 3}"
282,"[('EOSINOPHIL', (65, 0, 27, 29)), ('EOSINOPHIL', (143, 175, 41, 34)), ('LYMPHOCYTE', (158, 6, 34, 39)), ('NEUTROPHIL', (67, 156, 29, 44))]","{'EOSINOPHIL': 2, 'LYMPHOCYTE': 1, 'NEUTROPHIL': 1}"
283,"[('MONOCYTE', (146, 49, 38, 53)), ('NEUTROPHIL', (4, 39, 29, 49)), ('NEUTROPHIL', (28, 121, 31, 42)), ('NEUTROPHIL', (173, 166, 30, 47))]","{'MONOCYTE': 1, 'NEUTROPHIL': 3}"
284,"[('MONOCYTE', (44, 150, 33, 47)), ('NEUTROPHIL', (26, 38, 29, 46)), ('NEUTROPHIL', (136, 40, 32, 39)), ('NEUTROPHIL', (184, 165, 34, 39))]","{'MONOCYTE': 1, 'NEUTROPHIL': 3}"
285,"[('EOSINOPHIL', (166, 61, 39, 39)), ('NEUTROPHIL', (33, 30, 30, 42)), ('NEUTROPHIL', (43, 178, 31, 44)), ('NEUTROPHIL', (146, 178, 35, 41))]","{'EOSINOPHIL': 1, 'NEUTROPHIL': 3}"
286,"[('EOSINOPHIL', (150, 56, 39, 48)), ('MONOCYTE', (34, 49, 38, 53)), ('NEUTROPHIL', (24, 148, 35, 46)), ('NEUTROPHIL', (146, 178, 35, 41))]","{'EOSINOPHIL': 1, 'MONOCYTE': 1, 'NEUTROPHIL': 2}"
287,"[('EOSINOPHIL', (28, 26, 35, 42)), ('EOSINOPHIL', (47, 117, 38, 49)), ('NEUTROPHIL', (140, 56, 34, 43)), ('NEUTROPHIL', (191, 184, 32, 40))]","{'EOSINOPHIL': 2, 'NEUTROPHIL': 2}"
288,"[('EOSINOPHIL', (158, 0, 33, 37)), ('EOSINOPHIL', (34, 197, 43, 27)), ('LYMPHOCYTE', (156, 194, 27, 30)), ('MONOCYTE', (55, 75, 29, 37))]","{'EOSINOPHIL': 2, 'LYMPHOCYTE': 1, 'MONOCYTE': 1}"
289,"[('EOSINOPHIL', (130, 1, 30, 51)), ('EOSINOPHIL', (145, 168, 43, 50)), ('LYMPHOCYTE', (35, 47, 24, 28)), ('NEUTROPHIL', (24, 148, 35, 46))]","{'EOSINOPHIL': 2, 'LYMPHOCYTE': 1, 'NEUTROPHIL': 1}"
290,"[('EOSINOPHIL', (47, 117, 38, 49)), ('LYMPHOCYTE', (154, 165, 26, 37)), ('NEUTROPHIL', (33, 57, 30, 49)), ('NEUTROPHIL', (179, 44, 29, 44))]","{'EOSINOPHIL': 1, 'LYMPHOCYTE': 1, 'NEUTROPHIL': 2}"
291,"[('EOSINOPHIL', (35, 21, 31, 42)), ('LYMPHOCYTE', (45, 194, 24, 30)), ('NEUTROPHIL', (125, 64, 33, 44)), ('NEUTROPHIL', (148, 139, 33, 42))]","{'EOSINOPHIL': 1, 'LYMPHOCYTE': 1, 'NEUTROPHIL': 2}"
292,"[('EOSINOPHIL', (166, 173, 39, 39)), ('NEUTROPHIL', (4, 39, 29, 49)), ('NEUTROPHIL', (153, 64, 30, 48)), ('NEUTROPHIL', (57, 157, 34, 46))]","{'EOSINOPHIL': 1, 'NEUTROPHIL': 3}"
293,"[('EOSINOPHIL', (140, 26, 35, 42)), ('LYMPHOCYTE', (45, 20, 23, 46)), ('NEUTROPHIL', (16, 194, 31, 30)), ('NEUTROPHIL', (31, 117, 31, 42)), ('NEUTROPHIL', (153, 128, 34, 43))]","{'EOSINOPHIL': 1, 'LYMPHOCYTE': 1, 'NEUTROPHIL': 3}"
294,"[('LYMPHOCYTE', (147, 47, 24, 28)), ('NEUTROPHIL', (26, 38, 29, 46)), ('NEUTROPHIL', (13, 176, 33, 44)), ('NEUTROPHIL', (172, 126, 30, 44))]","{'LYMPHOCYTE': 1, 'NEUTROPHIL': 3}"
295,"[('EOSINOPHIL', (46, 112, 33, 37)), ('LYMPHOCYTE', (44, 82, 27, 30)), ('LYMPHOCYTE', (161, 47, 23, 29)), ('NEUTROPHIL', (157, 130, 33, 48))]","{'EOSINOPHIL': 1, 'LYMPHOCYTE': 2, 'NEUTROPHIL': 1}"
296,"[('NEUTROPHIL', (43, 66, 31, 44)), ('NEUTROPHIL', (170, 9, 30, 39)), ('NEUTROPHIL', (47, 112, 34, 41)), ('NEUTROPHIL', (136, 148, 35, 46))]",{'NEUTROPHIL': 4}
297,"[('EOSINOPHIL', (38, 56, 39, 48)), ('LYMPHOCYTE', (127, 168, 25, 36)), ('NEUTROPHIL', (144, 70, 29, 39)), ('NEUTROPHIL', (43, 178, 31, 44))]","{'EOSINOPHIL': 1, 'LYMPHOCYTE': 1, 'NEUTROPHIL': 2}"
298,"[('EOSINOPHIL', (38, 168, 39, 48)), ('LYMPHOCYTE', (158, 118, 34, 39)), ('NEUTROPHIL', (4, 39, 29, 49)), ('NEUTROPHIL', (184, 53, 34, 39))]","{'EOSINOPHIL': 1, 'LYMPHOCYTE': 1, 'NEUTROPHIL': 2}"
299,"[('LYMPHOCYTE', (46, 118, 34, 39)), ('NEUTROPHIL', (64, 86, 30, 26)), ('NEUTROPHIL', (170, 9, 30, 39)), ('NEUTROPHIL', (128, 194, 31, 30)), ('NEUTROPHIL', (144, 117, 31, 42))]","{'LYMPHOCYTE': 1, 'NEUTROPHIL': 4}"
300,"[('EOSINOPHIL', (49, 131, 34, 40)), ('NEUTROPHIL', (32, 0, 22, 33)), ('NEUTROPHIL', (173, 54, 30, 47)), ('NEUTROPHIL', (179, 156, 29, 44))]","{'EOSINOPHIL': 1, 'NEUTROPHIL': 3}"
301,"[('EOSINOPHIL', (150, 56, 39, 48)), ('NEUTROPHIL', (24, 40, 32, 39)), ('NEUTROPHIL', (41, 176, 30, 48)), ('NEUTROPHIL', (133, 166, 35, 47))]","{'EOSINOPHIL': 1, 'NEUTROPHIL': 3}"
302,"[('EOSINOPHIL', (161, 131, 34, 40)), ('LYMPHOCYTE', (45, 132, 23, 46)), ('MONOCYTE', (55, 75, 29, 37)), ('NEUTROPHIL', (140, 56, 34, 43))]","{'EOSINOPHIL': 1, 'LYMPHOCYTE': 1, 'MONOCYTE': 1, 'NEUTROPHIL': 1}"
303,"[('EOSINOPHIL', (6, 159, 32, 33)), ('EOSINOPHIL', (140, 138, 35, 42)), ('LYMPHOCYTE', (45, 82, 24, 30)), ('NEUTROPHIL', (140, 9, 31, 42))]","{'EOSINOPHIL': 2, 'LYMPHOCYTE': 1, 'NEUTROPHIL': 1}"
304,"[('NEUTROPHIL', (39, 0, 30, 27)), ('NEUTROPHIL', (153, 64, 30, 48)), ('NEUTROPHIL', (22, 112, 36, 38)), ('NEUTROPHIL', (136, 148, 35, 46))]",{'NEUTROPHIL': 4}
305,"[('EOSINOPHIL', (177, 112, 27, 29)), ('LYMPHOCYTE', (42, 53, 26, 37)), ('MONOCYTE', (44, 150, 33, 47)), ('NEUTROPHIL', (148, 27, 33, 42))]","{'EOSINOPHIL': 1, 'LYMPHOCYTE': 1, 'MONOCYTE': 1, 'NEUTROPHIL': 1}"
306,"[('NEUTROPHIL', (50, 31, 32, 46)), ('NEUTROPHIL', (147, 58, 33, 44)), ('NEUTROPHIL', (58, 121, 30, 39)), ('NEUTROPHIL', (161, 112, 33, 42))]",{'NEUTROPHIL': 4}
307,"[('EOSINOPHIL', (46, 13, 40, 58)), ('EOSINOPHIL', (158, 125, 40, 58)), ('LYMPHOCYTE', (35, 170, 31, 42)), ('NEUTROPHIL', (147, 58, 33, 44))]","{'EOSINOPHIL': 2, 'LYMPHOCYTE': 1, 'NEUTROPHIL': 1}"
308,"[('EOSINOPHIL', (33, 13, 37, 47)), ('EOSINOPHIL', (158, 13, 40, 58)), ('MONOCYTE', (167, 187, 29, 37)), ('NEUTROPHIL', (14, 135, 33, 44))]","{'EOSINOPHIL': 2, 'MONOCYTE': 1, 'NEUTROPHIL': 1}"
309,"[('EOSINOPHIL', (35, 21, 31, 42)), ('EOSINOPHIL', (147, 133, 31, 42)), ('NEUTROPHIL', (144, 0, 22, 33)), ('NEUTROPHIL', (17, 147, 32, 50))]","{'EOSINOPHIL': 2, 'NEUTROPHIL': 2}"
310,"[('NEUTROPHIL', (4, 39, 29, 49)), ('NEUTROPHIL', (146, 66, 35, 41)), ('NEUTROPHIL', (22, 112, 33, 34)), ('NEUTROPHIL', (126, 135, 33, 44))]",{'NEUTROPHIL': 4}
311,"[('MONOCYTE', (112, 15, 29, 48)), ('MONOCYTE', (44, 150, 33, 47)), ('NEUTROPHIL', (49, 0, 33, 42)), ('NEUTROPHIL', (161, 112, 33, 42))]","{'MONOCYTE': 2, 'NEUTROPHIL': 2}"
312,"[('NEUTROPHIL', (0, 53, 23, 41)), ('NEUTROPHIL', (136, 36, 35, 46)), ('NEUTROPHIL', (33, 142, 30, 42)), ('NEUTROPHIL', (179, 156, 29, 44))]",{'NEUTROPHIL': 4}
313,"[('EOSINOPHIL', (161, 172, 27, 44)), ('NEUTROPHIL', (41, 16, 34, 43)), ('NEUTROPHIL', (146, 66, 35, 41)), ('NEUTROPHIL', (24, 152, 32, 39))]","{'EOSINOPHIL': 1, 'NEUTROPHIL': 3}"
314,"[('EOSINOPHIL', (49, 42, 30, 40)), ('EOSINOPHIL', (121, 159, 28, 42)), ('LYMPHOCYTE', (45, 132, 23, 46)), ('NEUTROPHIL', (157, 18, 33, 48))]","{'EOSINOPHIL': 2, 'LYMPHOCYTE': 1, 'NEUTROPHIL': 1}"
315,"[('EOSINOPHIL', (41, 162, 29, 40)), ('EOSINOPHIL', (153, 162, 29, 40)), ('NEUTROPHIL', (60, 14, 30, 44)), ('NEUTROPHIL', (129, 35, 32, 50))]","{'EOSINOPHIL': 2, 'NEUTROPHIL': 2}"
316,"[('EOSINOPHIL', (118, 47, 32, 33)), ('LYMPHOCYTE', (15, 168, 25, 36)), ('NEUTROPHIL', (22, 0, 33, 34)), ('NEUTROPHIL', (136, 152, 32, 39))]","{'EOSINOPHIL': 1, 'LYMPHOCYTE': 1, 'NEUTROPHIL': 2}"
317,"[('EOSINOPHIL', (31, 63, 41, 34)), ('NEUTROPHIL', (147, 58, 33, 44)), ('NEUTROPHIL', (14, 135, 33, 44)), ('NEUTROPHIL', (146, 168, 30, 56))]","{'EOSINOPHIL': 1, 'NEUTROPHIL': 3}"
318,"[('NEUTROPHIL', (53, 54, 29, 38)), ('NEUTROPHIL', (161, 0, 33, 42)), ('NEUTROPHIL', (14, 135, 33, 44)), ('NEUTROPHIL', (179, 156, 29, 44))]",{'NEUTROPHIL': 4}
319,"[('LYMPHOCYTE', (154, 53, 26, 37)), ('LYMPHOCYTE', (46, 118, 34, 39)), ('NEUTROPHIL', (28, 56, 34, 43)), ('NEUTROPHIL', (159, 148, 32, 45))]","{'LYMPHOCYTE': 2, 'NEUTROPHIL': 2}"
320,"[('NEUTROPHIL', (79, 72, 32, 40)), ('NEUTROPHIL', (140, 56, 34, 43)), ('NEUTROPHIL', (60, 126, 30, 44)), ('NEUTROPHIL', (138, 150, 29, 46))]",{'NEUTROPHIL': 4}
321,"[('EOSINOPHIL', (38, 168, 39, 48)), ('NEUTROPHIL', (49, 0, 33, 42)), ('NEUTROPHIL', (136, 40, 32, 39)), ('NEUTROPHIL', (162, 143, 32, 46))]","{'EOSINOPHIL': 1, 'NEUTROPHIL': 3}"
322,"[('EOSINOPHIL', (153, 162, 29, 40)), ('LYMPHOCYTE', (42, 165, 26, 37)), ('MONOCYTE', (156, 38, 33, 47)), ('NEUTROPHIL', (60, 14, 30, 44))]","{'EOSINOPHIL': 1, 'LYMPHOCYTE': 1, 'MONOCYTE': 1, 'NEUTROPHIL': 1}"
323,"[('EOSINOPHIL', (41, 162, 29, 40)), ('LYMPHOCYTE', (35, 58, 31, 42)), ('MONOCYTE', (156, 150, 33, 47)), ('NEUTROPHIL', (157, 18, 33, 48))]","{'EOSINOPHIL': 1, 'LYMPHOCYTE': 1, 'MONOCYTE': 1, 'NEUTROPHIL': 1}"
324,"[('EOSINOPHIL', (49, 19, 34, 40)), ('LYMPHOCYTE', (158, 6, 34, 39)), ('NEUTROPHIL', (39, 112, 30, 27)), ('NEUTROPHIL', (133, 166, 35, 47))]","{'EOSINOPHIL': 1, 'LYMPHOCYTE': 1, 'NEUTROPHIL': 2}"
325,"[('EOSINOPHIL', (143, 63, 41, 34)), ('EOSINOPHIL', (41, 162, 29, 40)), ('EOSINOPHIL', (145, 168, 43, 50)), ('NEUTROPHIL', (21, 54, 35, 47))]","{'EOSINOPHIL': 3, 'NEUTROPHIL': 1}"
326,"[('LYMPHOCYTE', (49, 47, 23, 29)), ('LYMPHOCYTE', (157, 20, 23, 46)), ('NEUTROPHIL', (43, 178, 31, 44)), ('NEUTROPHIL', (125, 176, 33, 44))]","{'LYMPHOCYTE': 2, 'NEUTROPHIL': 2}"
327,"[('EOSINOPHIL', (158, 0, 33, 37)), ('NEUTROPHIL', (28, 9, 31, 42)), ('NEUTROPHIL', (28, 121, 31, 42)), ('NEUTROPHIL', (161, 112, 33, 42))]","{'EOSINOPHIL': 1, 'NEUTROPHIL': 3}"
328,"[('LYMPHOCYTE', (35, 170, 31, 42)), ('NEUTROPHIL', (4, 39, 29, 49)), ('NEUTROPHIL', (134, 0, 36, 38)), ('NEUTROPHIL', (147, 137, 29, 44))]","{'LYMPHOCYTE': 1, 'NEUTROPHIL': 3}"
329,"[('EOSINOPHIL', (33, 56, 43, 50)), ('LYMPHOCYTE', (45, 132, 23, 46)), ('NEUTROPHIL', (155, 7, 32, 40)), ('NEUTROPHIL', (162, 143, 32, 46))]","{'EOSINOPHIL': 1, 'LYMPHOCYTE': 1, 'NEUTROPHIL': 2}"
330,"[('EOSINOPHIL', (166, 61, 39, 39)), ('EOSINOPHIL', (158, 125, 40, 58)), ('NEUTROPHIL', (13, 64, 33, 44)), ('NEUTROPHIL', (45, 130, 33, 48))]","{'EOSINOPHIL': 2, 'NEUTROPHIL': 2}"
331,"[('EOSINOPHIL', (35, 21, 31, 42)), ('EOSINOPHIL', (57, 112, 43, 59)), ('MONOCYTE', (163, 123, 44, 50)), ('NEUTROPHIL', (153, 16, 34, 43))]","{'EOSINOPHIL': 2, 'MONOCYTE': 1, 'NEUTROPHIL': 1}"
332,"[('LYMPHOCYTE', (147, 58, 31, 42)), ('NEUTROPHIL', (13, 64, 33, 44)), ('NEUTROPHIL', (23, 177, 33, 44)), ('NEUTROPHIL', (157, 146, 37, 44))]","{'LYMPHOCYTE': 1, 'NEUTROPHIL': 3}"
333,"[('EOSINOPHIL', (177, 0, 27, 29)), ('LYMPHOCYTE', (9, 165, 34, 38)), ('NEUTROPHIL', (60, 14, 30, 44)), ('NEUTROPHIL', (141, 168, 32, 38))]","{'EOSINOPHIL': 1, 'LYMPHOCYTE': 1, 'NEUTROPHIL': 2}"
334,"[('EOSINOPHIL', (6, 47, 32, 33)), ('EOSINOPHIL', (57, 112, 43, 59)), ('EOSINOPHIL', (161, 154, 30, 40)), ('NEUTROPHIL', (184, 53, 34, 39))]","{'EOSINOPHIL': 3, 'NEUTROPHIL': 1}"
335,"[('EOSINOPHIL', (146, 85, 43, 27)), ('LYMPHOCYTE', (45, 82, 24, 30)), ('MONOCYTE', (51, 123, 44, 50)), ('NEUTROPHIL', (159, 112, 34, 41))]","{'EOSINOPHIL': 1, 'LYMPHOCYTE': 1, 'MONOCYTE': 1, 'NEUTROPHIL': 1}"
336,"[('MONOCYTE', (35, 74, 40, 38)), ('MONOCYTE', (44, 150, 33, 47)), ('NEUTROPHIL', (170, 9, 30, 39)), ('NEUTROPHIL', (153, 176, 30, 48))]","{'MONOCYTE': 2, 'NEUTROPHIL': 2}"
337,"[('EOSINOPHIL', (47, 5, 38, 49)), ('MONOCYTE', (46, 112, 46, 53)), ('NEUTROPHIL', (147, 58, 33, 44)), ('NEUTROPHIL', (116, 151, 29, 49))]","{'EOSINOPHIL': 1, 'MONOCYTE': 1, 'NEUTROPHIL': 2}"
338,"[('EOSINOPHIL', (49, 60, 27, 44)), ('EOSINOPHIL', (166, 173, 39, 39)), ('LYMPHOCYTE', (161, 49, 25, 28)), ('LYMPHOCYTE', (84, 176, 28, 45))]","{'EOSINOPHIL': 2, 'LYMPHOCYTE': 2}"
339,"[('EOSINOPHIL', (145, 13, 37, 47)), ('EOSINOPHIL', (49, 154, 30, 40)), ('NEUTROPHIL', (51, 57, 32, 39)), ('NEUTROPHIL', (176, 198, 30, 26))]","{'EOSINOPHIL': 2, 'NEUTROPHIL': 2}"
340,"[('LYMPHOCYTE', (154, 180, 23, 44)), ('MONOCYTE', (51, 11, 44, 50)), ('NEUTROPHIL', (170, 9, 30, 39)), ('NEUTROPHIL', (47, 112, 34, 41))]","{'LYMPHOCYTE': 1, 'MONOCYTE': 1, 'NEUTROPHIL': 2}"
341,"[('EOSINOPHIL', (169, 112, 43, 59)), ('LYMPHOCYTE', (42, 165, 26, 37)), ('NEUTROPHIL', (60, 83, 40, 29)), ('NEUTROPHIL', (147, 25, 29, 44))]","{'EOSINOPHIL': 1, 'LYMPHOCYTE': 1, 'NEUTROPHIL': 2}"
342,"[('EOSINOPHIL', (145, 13, 37, 47)), ('LYMPHOCYTE', (9, 53, 34, 38)), ('NEUTROPHIL', (58, 121, 30, 39)), ('NEUTROPHIL', (162, 143, 32, 46))]","{'EOSINOPHIL': 1, 'LYMPHOCYTE': 1, 'NEUTROPHIL': 2}"
343,"[('EOSINOPHIL', (9, 47, 28, 42)), ('NEUTROPHIL', (116, 39, 29, 49)), ('NEUTROPHIL', (49, 112, 33, 42)), ('NEUTROPHIL', (173, 166, 30, 47))]","{'EOSINOPHIL': 1, 'NEUTROPHIL': 3}"
344,"[('EOSINOPHIL', (153, 50, 29, 40)), ('EOSINOPHIL', (145, 168, 43, 50)), ('NEUTROPHIL', (49, 0, 33, 42)), ('NEUTROPHIL', (72, 165, 34, 39))]","{'EOSINOPHIL': 2, 'NEUTROPHIL': 2}"
345,"[('EOSINOPHIL', (145, 13, 37, 47)), ('EOSINOPHIL', (49, 154, 30, 40)), ('NEUTROPHIL', (60, 14, 30, 44)), ('NEUTROPHIL', (136, 148, 35, 46))]","{'EOSINOPHIL': 2, 'NEUTROPHIL': 2}"
346,"[('LYMPHOCYTE', (46, 6, 34, 39)), ('NEUTROPHIL', (157, 34, 37, 44)), ('NEUTROPHIL', (14, 135, 33, 44)), ('NEUTROPHIL', (146, 178, 35, 41))]","{'LYMPHOCYTE': 1, 'NEUTROPHIL': 3}"
347,"[('EOSINOPHIL', (159, 5, 38, 49)), ('EOSINOPHIL', (46, 112, 33, 37)), ('LYMPHOCYTE', (161, 161, 25, 28)), ('NEUTROPHIL', (33, 57, 30, 49))]","{'EOSINOPHIL': 2, 'LYMPHOCYTE': 1, 'NEUTROPHIL': 1}"
348,"[('LYMPHOCYTE', (49, 49, 25, 28)), ('LYMPHOCYTE', (45, 194, 24, 30)), ('NEUTROPHIL', (176, 86, 30, 26)), ('NEUTROPHIL', (159, 148, 32, 45))]","{'LYMPHOCYTE': 2, 'NEUTROPHIL': 2}"
349,"[('EOSINOPHIL', (65, 112, 27, 29)), ('EOSINOPHIL', (161, 172, 27, 44)), ('MONOCYTE', (156, 38, 33, 47)), ('NEUTROPHIL', (41, 64, 30, 48))]","{'EOSINOPHIL': 2, 'MONOCYTE': 1, 'NEUTROPHIL': 1}"
350,"[('EOSINOPHIL', (64, 112, 46, 49)), ('NEUTROPHIL', (43, 7, 32, 40)), ('NEUTROPHIL', (191, 72, 32, 40)), ('NEUTROPHIL', (129, 147, 32, 50))]","{'EOSINOPHIL': 1, 'NEUTROPHIL': 3}"
351,"[('EOSINOPHIL', (60, 43, 28, 44)), ('EOSINOPHIL', (118, 159, 32, 33)), ('NEUTROPHIL', (161, 0, 33, 42)), ('NEUTROPHIL', (58, 121, 30, 39))]","{'EOSINOPHIL': 2, 'NEUTROPHIL': 2}"
352,"[('EOSINOPHIL', (47, 117, 38, 49)), ('MONOCYTE', (46, 0, 46, 53)), ('NEUTROPHIL', (135, 65, 33, 44)), ('NEUTROPHIL', (136, 148, 35, 46))]","{'EOSINOPHIL': 1, 'MONOCYTE': 1, 'NEUTROPHIL': 2}"
353,"[('LYMPHOCYTE', (49, 47, 23, 29)), ('NEUTROPHIL', (155, 66, 31, 44)), ('NEUTROPHIL', (0, 165, 23, 41)), ('NEUTROPHIL', (135, 177, 33, 44))]","{'LYMPHOCYTE': 1, 'NEUTROPHIL': 3}"
354,"[('EOSINOPHIL', (31, 63, 41, 34)), ('EOSINOPHIL', (6, 159, 32, 33)), ('LYMPHOCYTE', (121, 53, 34, 38)), ('NEUTROPHIL', (178, 125, 33, 39))]","{'EOSINOPHIL': 2, 'LYMPHOCYTE': 1, 'NEUTROPHIL': 1}"
355,"[('EOSINOPHIL', (143, 175, 41, 34)), ('LYMPHOCYTE', (157, 82, 24, 30)), ('NEUTROPHIL', (23, 65, 33, 44)), ('NEUTROPHIL', (43, 178, 31, 44))]","{'EOSINOPHIL': 1, 'LYMPHOCYTE': 1, 'NEUTROPHIL': 2}"
356,"[('EOSINOPHIL', (18, 1, 30, 51)), ('LYMPHOCYTE', (121, 165, 34, 38)), ('MONOCYTE', (0, 127, 29, 48)), ('NEUTROPHIL', (138, 38, 29, 46))]","{'EOSINOPHIL': 1, 'LYMPHOCYTE': 1, 'MONOCYTE': 1, 'NEUTROPHIL': 1}"
357,"[('MONOCYTE', (156, 150, 33, 47)), ('NEUTROPHIL', (39, 49, 32, 46)), ('NEUTROPHIL', (155, 7, 32, 40)), ('NEUTROPHIL', (43, 178, 31, 44))]","{'MONOCYTE': 1, 'NEUTROPHIL': 3}"
358,"[('LYMPHOCYTE', (196, 64, 28, 45)), ('LYMPHOCYTE', (121, 165, 34, 38)), ('NEUTROPHIL', (22, 0, 33, 34)), ('NEUTROPHIL', (72, 165, 34, 39))]","{'LYMPHOCYTE': 2, 'NEUTROPHIL': 2}"
359,"[('EOSINOPHIL', (145, 168, 43, 50)), ('LYMPHOCYTE', (35, 47, 24, 28)), ('LYMPHOCYTE', (84, 176, 28, 45)), ('NEUTROPHIL', (134, 0, 33, 34))]","{'EOSINOPHIL': 1, 'LYMPHOCYTE': 2, 'NEUTROPHIL': 1}"
360,"[('NEUTROPHIL', (43, 66, 31, 44)), ('NEUTROPHIL', (170, 9, 30, 39)), ('NEUTROPHIL', (36, 170, 30, 41)), ('NEUTROPHIL', (159, 148, 32, 45))]",{'NEUTROPHIL': 4}
361,"[('EOSINOPHIL', (38, 168, 39, 48)), ('NEUTROPHIL', (47, 36, 32, 45)), ('NEUTROPHIL', (172, 83, 40, 29)), ('NEUTROPHIL', (136, 152, 32, 39))]","{'EOSINOPHIL': 1, 'NEUTROPHIL': 3}"
362,"[('EOSINOPHIL', (46, 13, 40, 58)), ('EOSINOPHIL', (143, 175, 41, 34)), ('NEUTROPHIL', (172, 14, 30, 44)), ('NEUTROPHIL', (29, 168, 32, 38))]","{'EOSINOPHIL': 2, 'NEUTROPHIL': 2}"
363,"[('EOSINOPHIL', (121, 159, 28, 42)), ('NEUTROPHIL', (79, 72, 32, 40)), ('NEUTROPHIL', (153, 64, 30, 48)), ('NEUTROPHIL', (29, 168, 32, 38))]","{'EOSINOPHIL': 1, 'NEUTROPHIL': 3}"
364,"[('EOSINOPHIL', (33, 125, 37, 47)), ('LYMPHOCYTE', (157, 20, 23, 46)), ('NEUTROPHIL', (4, 39, 29, 49)), ('NEUTROPHIL', (191, 184, 32, 40))]","{'EOSINOPHIL': 1, 'LYMPHOCYTE': 1, 'NEUTROPHIL': 2}"
365,"[('EOSINOPHIL', (57, 0, 43, 59)), ('EOSINOPHIL', (130, 113, 30, 51)), ('NEUTROPHIL', (112, 53, 23, 41)), ('NEUTROPHIL', (47, 148, 32, 45))]","{'EOSINOPHIL': 2, 'NEUTROPHIL': 2}"
366,"[('EOSINOPHIL', (60, 155, 28, 44)), ('NEUTROPHIL', (24, 40, 32, 39)), ('NEUTROPHIL', (172, 83, 40, 29)), ('NEUTROPHIL', (116, 151, 29, 49))]","{'EOSINOPHIL': 1, 'NEUTROPHIL': 3}"
367,"[('EOSINOPHIL', (76, 78, 28, 34)), ('EOSINOPHIL', (159, 5, 38, 49)), ('MONOCYTE', (163, 123, 44, 50)), ('NEUTROPHIL', (79, 184, 32, 40))]","{'EOSINOPHIL': 2, 'MONOCYTE': 1, 'NEUTROPHIL': 1}"
368,"[('EOSINOPHIL', (158, 0, 33, 37)), ('EOSINOPHIL', (166, 173, 39, 39)), ('LYMPHOCYTE', (42, 53, 26, 37)), ('LYMPHOCYTE', (44, 194, 27, 30))]","{'EOSINOPHIL': 2, 'LYMPHOCYTE': 2}"
369,"[('EOSINOPHIL', (46, 0, 33, 37)), ('EOSINOPHIL', (130, 1, 30, 51)), ('MONOCYTE', (112, 127, 29, 48)), ('NEUTROPHIL', (39, 161, 32, 46))]","{'EOSINOPHIL': 2, 'MONOCYTE': 1, 'NEUTROPHIL': 1}"
370,"[('LYMPHOCYTE', (84, 64, 28, 45)), ('MONOCYTE', (51, 123, 44, 50)), ('NEUTROPHIL', (145, 57, 30, 49)), ('NEUTROPHIL', (147, 137, 29, 44))]","{'LYMPHOCYTE': 1, 'MONOCYTE': 1, 'NEUTROPHIL': 2}"
371,"[('EOSINOPHIL', (76, 78, 28, 34)), ('EOSINOPHIL', (145, 13, 37, 47)), ('NEUTROPHIL', (60, 195, 40, 29)), ('NEUTROPHIL', (178, 125, 33, 39))]","{'EOSINOPHIL': 2, 'NEUTROPHIL': 2}"
372,"[('EOSINOPHIL', (57, 0, 43, 59)), ('EOSINOPHIL', (161, 131, 34, 40)), ('LYMPHOCYTE', (9, 165, 34, 38)), ('NEUTROPHIL', (133, 54, 35, 47))]","{'EOSINOPHIL': 2, 'LYMPHOCYTE': 1, 'NEUTROPHIL': 1}"
373,"[('EOSINOPHIL', (46, 13, 40, 58)), ('EOSINOPHIL', (60, 155, 28, 44)), ('MONOCYTE', (158, 0, 46, 53)), ('NEUTROPHIL', (136, 148, 35, 46))]","{'EOSINOPHIL': 2, 'MONOCYTE': 1, 'NEUTROPHIL': 1}"
374,"[('MONOCYTE', (147, 186, 40, 38)), ('NEUTROPHIL', (23, 65, 33, 44)), ('NEUTROPHIL', (140, 56, 34, 43)), ('NEUTROPHIL', (64, 198, 30, 26))]","{'MONOCYTE': 1, 'NEUTROPHIL': 3}"
375,"[('EOSINOPHIL', (35, 21, 31, 42)), ('EOSINOPHIL', (18, 113, 30, 51)), ('NEUTROPHIL', (151, 49, 32, 46)), ('NEUTROPHIL', (176, 198, 30, 26))]","{'EOSINOPHIL': 2, 'NEUTROPHIL': 2}"
376,"[('MONOCYTE', (158, 0, 46, 53)), ('MONOCYTE', (34, 161, 38, 53)), ('MONOCYTE', (112, 127, 29, 48)), ('NEUTROPHIL', (0, 53, 23, 41))]","{'MONOCYTE': 3, 'NEUTROPHIL': 1}"
377,"[('LYMPHOCYTE', (156, 82, 27, 30)), ('NEUTROPHIL', (34, 56, 30, 56)), ('NEUTROPHIL', (36, 139, 33, 42)), ('NEUTROPHIL', (153, 176, 30, 48))]","{'LYMPHOCYTE': 1, 'NEUTROPHIL': 3}"
378,"[('LYMPHOCYTE', (45, 20, 23, 46)), ('NEUTROPHIL', (169, 45, 34, 46)), ('NEUTROPHIL', (79, 184, 32, 40)), ('NEUTROPHIL', (134, 112, 36, 38))]","{'LYMPHOCYTE': 1, 'NEUTROPHIL': 3}"
379,"[('EOSINOPHIL', (147, 21, 31, 42)), ('EOSINOPHIL', (166, 173, 39, 39)), ('LYMPHOCYTE', (42, 53, 26, 37)), ('NEUTROPHIL', (53, 166, 29, 38))]","{'EOSINOPHIL': 2, 'LYMPHOCYTE': 1, 'NEUTROPHIL': 1}"
380,"[('EOSINOPHIL', (121, 47, 28, 42)), ('NEUTROPHIL', (60, 83, 40, 29)), ('NEUTROPHIL', (39, 112, 30, 27)), ('NEUTROPHIL', (159, 170, 30, 41))]","{'EOSINOPHIL': 1, 'NEUTROPHIL': 3}"
381,"[('LYMPHOCYTE', (9, 53, 34, 38)), ('NEUTROPHIL', (159, 36, 32, 45)), ('NEUTROPHIL', (34, 178, 35, 41)), ('NEUTROPHIL', (144, 182, 29, 39))]","{'LYMPHOCYTE': 1, 'NEUTROPHIL': 3}"
382,"[('LYMPHOCYTE', (42, 68, 23, 44)), ('LYMPHOCYTE', (161, 49, 25, 28)), ('NEUTROPHIL', (50, 143, 32, 46)), ('NEUTROPHIL', (147, 170, 33, 44))]","{'LYMPHOCYTE': 2, 'NEUTROPHIL': 2}"
383,"[('EOSINOPHIL', (6, 47, 32, 33)), ('MONOCYTE', (34, 161, 38, 53)), ('NEUTROPHIL', (159, 36, 32, 45)), ('NEUTROPHIL', (116, 151, 29, 49))]","{'EOSINOPHIL': 1, 'MONOCYTE': 1, 'NEUTROPHIL': 2}"
384,"[('EOSINOPHIL', (149, 154, 31, 45)), ('MONOCYTE', (112, 15, 29, 48)), ('NEUTROPHIL', (58, 9, 30, 39)), ('NEUTROPHIL', (51, 169, 32, 39))]","{'EOSINOPHIL': 1, 'MONOCYTE': 1, 'NEUTROPHIL': 2}"
385,"[('LYMPHOCYTE', (84, 176, 28, 45)), ('NEUTROPHIL', (26, 38, 29, 46)), ('NEUTROPHIL', (136, 40, 32, 39)), ('NEUTROPHIL', (145, 142, 30, 42))]","{'LYMPHOCYTE': 1, 'NEUTROPHIL': 3}"
386,"[('EOSINOPHIL', (35, 133, 31, 42)), ('EOSINOPHIL', (145, 125, 37, 47)), ('LYMPHOCYTE', (154, 53, 26, 37)), ('NEUTROPHIL', (35, 25, 29, 44))]","{'EOSINOPHIL': 2, 'LYMPHOCYTE': 1, 'NEUTROPHIL': 1}"
387,"[('EOSINOPHIL', (176, 112, 46, 49)), ('NEUTROPHIL', (28, 56, 34, 43)), ('NEUTROPHIL', (144, 70, 29, 39)), ('NEUTROPHIL', (60, 126, 30, 44))]","{'EOSINOPHIL': 1, 'NEUTROPHIL': 3}"
388,"[('LYMPHOCYTE', (147, 159, 24, 28)), ('MONOCYTE', (146, 49, 38, 53)), ('NEUTROPHIL', (4, 39, 29, 49)), ('NEUTROPHIL', (24, 148, 35, 46))]","{'LYMPHOCYTE': 1, 'MONOCYTE': 1, 'NEUTROPHIL': 2}"
389,"[('MONOCYTE', (0, 127, 29, 48)), ('NEUTROPHIL', (34, 56, 30, 56)), ('NEUTROPHIL', (163, 57, 32, 39)), ('NEUTROPHIL', (161, 112, 33, 42))]","{'MONOCYTE': 1, 'NEUTROPHIL': 3}"
390,"[('EOSINOPHIL', (49, 154, 30, 40)), ('MONOCYTE', (112, 127, 29, 48)), ('NEUTROPHIL', (43, 7, 32, 40)), ('NEUTROPHIL', (148, 58, 30, 41))]","{'EOSINOPHIL': 1, 'MONOCYTE': 1, 'NEUTROPHIL': 2}"
391,"[('EOSINOPHIL', (34, 197, 43, 27)), ('MONOCYTE', (44, 38, 33, 47)), ('NEUTROPHIL', (165, 54, 29, 38)), ('NEUTROPHIL', (135, 177, 33, 44))]","{'EOSINOPHIL': 1, 'MONOCYTE': 1, 'NEUTROPHIL': 2}"
392,"[('LYMPHOCYTE', (42, 53, 26, 37)), ('NEUTROPHIL', (147, 58, 33, 44)), ('NEUTROPHIL', (41, 128, 34, 43)), ('NEUTROPHIL', (191, 184, 32, 40))]","{'LYMPHOCYTE': 1, 'NEUTROPHIL': 3}"
393,"[('EOSINOPHIL', (149, 42, 31, 45)), ('EOSINOPHIL', (37, 154, 31, 45)), ('EOSINOPHIL', (159, 117, 38, 49)), ('NEUTROPHIL', (35, 58, 33, 44))]","{'EOSINOPHIL': 3, 'NEUTROPHIL': 1}"
394,"[('EOSINOPHIL', (161, 154, 30, 40)), ('LYMPHOCYTE', (84, 64, 28, 45)), ('MONOCYTE', (146, 49, 38, 53)), ('NEUTROPHIL', (4, 151, 29, 49))]","{'EOSINOPHIL': 1, 'LYMPHOCYTE': 1, 'MONOCYTE': 1, 'NEUTROPHIL': 1}"
395,"[('MONOCYTE', (158, 0, 46, 53)), ('MONOCYTE', (46, 112, 46, 53)), ('NEUTROPHIL', (72, 53, 34, 39)), ('NEUTROPHIL', (148, 139, 33, 42))]","{'MONOCYTE': 2, 'NEUTROPHIL': 2}"
396,"[('EOSINOPHIL', (57, 112, 43, 59)), ('EOSINOPHIL', (158, 112, 33, 37)), ('MONOCYTE', (0, 15, 29, 48)), ('NEUTROPHIL', (134, 0, 36, 38))]","{'EOSINOPHIL': 2, 'MONOCYTE': 1, 'NEUTROPHIL': 1}"
397,"[('EOSINOPHIL', (54, 173, 39, 39)), ('NEUTROPHIL', (72, 53, 34, 39)), ('NEUTROPHIL', (155, 7, 32, 40)), ('NEUTROPHIL', (147, 137, 29, 44))]","{'EOSINOPHIL': 1, 'NEUTROPHIL': 3}"
398,"[('EOSINOPHIL', (188, 78, 28, 34)), ('LYMPHOCYTE', (147, 159, 24, 28)), ('NEUTROPHIL', (41, 64, 30, 48)), ('NEUTROPHIL', (22, 112, 33, 34))]","{'EOSINOPHIL': 1, 'LYMPHOCYTE': 1, 'NEUTROPHIL': 2}"
399,"[('EOSINOPHIL', (118, 47, 32, 33)), ('EOSINOPHIL', (161, 172, 27, 44)), ('NEUTROPHIL', (37, 10, 31, 41)), ('NEUTROPHIL', (60, 195, 40, 29))]","{'EOSINOPHIL': 2, 'NEUTROPHIL': 2}"
400,"[('EOSINOPHIL', (54, 61, 39, 39)), ('MONOCYTE', (167, 75, 29, 37)), ('NEUTROPHIL', (43, 119, 32, 40)), ('NEUTROPHIL', (136, 152, 32, 39))]","{'EOSINOPHIL': 1, 'MONOCYTE': 1, 'NEUTROPHIL': 2}"
401,"[('EOSINOPHIL', (161, 60, 27, 44)), ('NEUTROPHIL', (32, 0, 22, 33)), ('NEUTROPHIL', (79, 184, 32, 40)), ('NEUTROPHIL', (159, 148, 32, 45))]","{'EOSINOPHIL': 1, 'NEUTROPHIL': 3}"
402,"[('LYMPHOCYTE', (35, 159, 24, 28)), ('NEUTROPHIL', (0, 53, 23, 41)), ('NEUTROPHIL', (151, 0, 30, 27)), ('NEUTROPHIL', (163, 169, 32, 39))]","{'LYMPHOCYTE': 1, 'NEUTROPHIL': 3}"
403,"[('EOSINOPHIL', (46, 13, 40, 58)), ('NEUTROPHIL', (153, 16, 34, 43)), ('NEUTROPHIL', (32, 182, 29, 39)), ('NEUTROPHIL', (191, 184, 32, 40))]","{'EOSINOPHIL': 1, 'NEUTROPHIL': 3}"
404,"[('NEUTROPHIL', (60, 14, 30, 44)), ('NEUTROPHIL', (114, 62, 30, 41)), ('NEUTROPHIL', (29, 168, 32, 38)), ('NEUTROPHIL', (140, 121, 31, 42))]",{'NEUTROPHIL': 4}
405,"[('MONOCYTE', (167, 75, 29, 37)), ('NEUTROPHIL', (39, 49, 32, 46)), ('NEUTROPHIL', (23, 177, 33, 44)), ('NEUTROPHIL', (146, 168, 30, 56))]","{'MONOCYTE': 1, 'NEUTROPHIL': 3}"
406,"[('EOSINOPHIL', (35, 21, 31, 42)), ('EOSINOPHIL', (49, 172, 27, 44)), ('NEUTROPHIL', (151, 49, 32, 46)), ('NEUTROPHIL', (157, 146, 37, 44))]","{'EOSINOPHIL': 2, 'NEUTROPHIL': 2}"
407,"[('EOSINOPHIL', (176, 112, 46, 49)), ('LYMPHOCYTE', (49, 159, 23, 29)), ('NEUTROPHIL', (22, 0, 36, 38)), ('NEUTROPHIL', (125, 64, 33, 44))]","{'EOSINOPHIL': 1, 'LYMPHOCYTE': 1, 'NEUTROPHIL': 2}"
408,"[('EOSINOPHIL', (150, 56, 39, 48)), ('NEUTROPHIL', (21, 54, 35, 47)), ('NEUTROPHIL', (45, 146, 37, 44)), ('NEUTROPHIL', (146, 168, 30, 56))]","{'EOSINOPHIL': 1, 'NEUTROPHIL': 3}"
409,"[('LYMPHOCYTE', (45, 82, 24, 30)), ('LYMPHOCYTE', (35, 170, 31, 42)), ('MONOCYTE', (147, 74, 40, 38)), ('NEUTROPHIL', (145, 142, 30, 42))]","{'LYMPHOCYTE': 2, 'MONOCYTE': 1, 'NEUTROPHIL': 1}"
410,"[('EOSINOPHIL', (46, 13, 40, 58)), ('EOSINOPHIL', (161, 154, 30, 40)), ('LYMPHOCYTE', (157, 82, 24, 30)), ('NEUTROPHIL', (22, 112, 36, 38))]","{'EOSINOPHIL': 2, 'LYMPHOCYTE': 1, 'NEUTROPHIL': 1}"
411,"[('EOSINOPHIL', (9, 159, 28, 42)), ('NEUTROPHIL', (22, 0, 36, 38)), ('NEUTROPHIL', (151, 49, 32, 46)), ('NEUTROPHIL', (176, 198, 30, 26))]","{'EOSINOPHIL': 1, 'NEUTROPHIL': 3}"
412,"[('EOSINOPHIL', (65, 0, 27, 29)), ('EOSINOPHIL', (161, 42, 30, 40)), ('MONOCYTE', (51, 123, 44, 50)), ('NEUTROPHIL', (145, 142, 30, 42))]","{'EOSINOPHIL': 2, 'MONOCYTE': 1, 'NEUTROPHIL': 1}"
413,"[('LYMPHOCYTE', (157, 194, 24, 30)), ('MONOCYTE', (51, 11, 44, 50)), ('NEUTROPHIL', (116, 39, 29, 49)), ('NEUTROPHIL', (50, 143, 32, 46))]","{'LYMPHOCYTE': 1, 'MONOCYTE': 1, 'NEUTROPHIL': 2}"
414,"[('NEUTROPHIL', (23, 65, 33, 44)), ('NEUTROPHIL', (170, 9, 30, 39)), ('NEUTROPHIL', (43, 178, 31, 44)), ('NEUTROPHIL', (155, 119, 32, 40))]",{'NEUTROPHIL': 4}
415,"[('EOSINOPHIL', (145, 56, 43, 50)), ('EOSINOPHIL', (118, 159, 32, 33)), ('LYMPHOCYTE', (84, 64, 28, 45)), ('NEUTROPHIL', (43, 178, 31, 44))]","{'EOSINOPHIL': 2, 'LYMPHOCYTE': 1, 'NEUTROPHIL': 1}"
416,"[('EOSINOPHIL', (158, 0, 33, 37)), ('EOSINOPHIL', (34, 197, 43, 27)), ('EOSINOPHIL', (159, 117, 38, 49)), ('NEUTROPHIL', (64, 86, 30, 26))]","{'EOSINOPHIL': 3, 'NEUTROPHIL': 1}"
417,"[('EOSINOPHIL', (161, 60, 27, 44)), ('EOSINOPHIL', (28, 138, 35, 42)), ('EOSINOPHIL', (158, 112, 33, 37)), ('NEUTROPHIL', (41, 16, 34, 43))]","{'EOSINOPHIL': 3, 'NEUTROPHIL': 1}"
418,"[('EOSINOPHIL', (76, 78, 28, 34)), ('LYMPHOCYTE', (196, 176, 28, 45)), ('MONOCYTE', (0, 127, 29, 48)), ('NEUTROPHIL', (163, 57, 32, 39))]","{'EOSINOPHIL': 1, 'LYMPHOCYTE': 1, 'MONOCYTE': 1, 'NEUTROPHIL': 1}"
419,"[('EOSINOPHIL', (161, 42, 30, 40)), ('NEUTROPHIL', (28, 56, 34, 43)), ('NEUTROPHIL', (47, 112, 34, 41)), ('NEUTROPHIL', (128, 194, 31, 30)), ('NEUTROPHIL', (144, 117, 31, 42))]","{'EOSINOPHIL': 1, 'NEUTROPHIL': 4}"
420,"[('LYMPHOCYTE', (42, 53, 26, 37)), ('NEUTROPHIL', (138, 38, 29, 46)), ('NEUTROPHIL', (37, 122, 31, 41)), ('NEUTROPHIL', (144, 112, 22, 33))]","{'LYMPHOCYTE': 1, 'NEUTROPHIL': 3}"
421,"[('EOSINOPHIL', (65, 112, 27, 29)), ('LYMPHOCYTE', (42, 53, 26, 37)), ('NEUTROPHIL', (141, 56, 32, 38)), ('NEUTROPHIL', (144, 182, 29, 39))]","{'EOSINOPHIL': 1, 'LYMPHOCYTE': 1, 'NEUTROPHIL': 2}"
422,"[('LYMPHOCYTE', (161, 47, 23, 29)), ('NEUTROPHIL', (58, 9, 30, 39)), ('NEUTROPHIL', (49, 112, 33, 42)), ('NEUTROPHIL', (126, 135, 33, 44))]","{'LYMPHOCYTE': 1, 'NEUTROPHIL': 3}"
423,"[('NEUTROPHIL', (67, 44, 29, 44)), ('NEUTROPHIL', (145, 30, 30, 42)), ('NEUTROPHIL', (72, 165, 34, 39)), ('NEUTROPHIL', (148, 170, 30, 41))]",{'NEUTROPHIL': 4}
424,"[('EOSINOPHIL', (35, 133, 31, 42)), ('LYMPHOCYTE', (121, 53, 34, 38)), ('NEUTROPHIL', (28, 9, 31, 42)), ('NEUTROPHIL', (159, 148, 32, 45))]","{'EOSINOPHIL': 1, 'LYMPHOCYTE': 1, 'NEUTROPHIL': 2}"
425,"[('LYMPHOCYTE', (196, 64, 28, 45)), ('MONOCYTE', (158, 112, 46, 53)), ('NEUTROPHIL', (24, 36, 35, 46)), ('NEUTROPHIL', (57, 157, 34, 46))]","{'LYMPHOCYTE': 1, 'MONOCYTE': 1, 'NEUTROPHIL': 2}"
426,"[('EOSINOPHIL', (33, 125, 37, 47)), ('LYMPHOCYTE', (35, 58, 31, 42)), ('MONOCYTE', (167, 75, 29, 37)), ('NEUTROPHIL', (163, 169, 32, 39))]","{'EOSINOPHIL': 1, 'LYMPHOCYTE': 1, 'MONOCYTE': 1, 'NEUTROPHIL': 1}"
427,"[('EOSINOPHIL', (35, 21, 31, 42)), ('NEUTROPHIL', (162, 31, 32, 46)), ('NEUTROPHIL', (32, 112, 22, 33)), ('NEUTROPHIL', (184, 165, 34, 39))]","{'EOSINOPHIL': 1, 'NEUTROPHIL': 3}"
428,"[('EOSINOPHIL', (54, 61, 39, 39)), ('EOSINOPHIL', (64, 112, 46, 49)), ('NEUTROPHIL', (114, 62, 30, 41)), ('NEUTROPHIL', (147, 137, 29, 44))]","{'EOSINOPHIL': 2, 'NEUTROPHIL': 2}"
429,"[('MONOCYTE', (35, 186, 40, 38)), ('NEUTROPHIL', (47, 36, 32, 45)), ('NEUTROPHIL', (133, 54, 35, 47)), ('NEUTROPHIL', (112, 165, 23, 41))]","{'MONOCYTE': 1, 'NEUTROPHIL': 3}"
430,"[('LYMPHOCYTE', (9, 165, 34, 38)), ('MONOCYTE', (156, 38, 33, 47)), ('NEUTROPHIL', (34, 56, 30, 56)), ('NEUTROPHIL', (133, 166, 35, 47))]","{'LYMPHOCYTE': 1, 'MONOCYTE': 1, 'NEUTROPHIL': 2}"
431,"[('EOSINOPHIL', (121, 47, 28, 42)), ('EOSINOPHIL', (34, 197, 43, 27)), ('LYMPHOCYTE', (49, 47, 23, 29)), ('NEUTROPHIL', (176, 198, 30, 26))]","{'EOSINOPHIL': 2, 'LYMPHOCYTE': 1, 'NEUTROPHIL': 1}"
432,"[('MONOCYTE', (158, 112, 46, 53)), ('NEUTROPHIL', (36, 58, 30, 41)), ('NEUTROPHIL', (148, 58, 30, 41)), ('NEUTROPHIL', (58, 121, 30, 39))]","{'MONOCYTE': 1, 'NEUTROPHIL': 3}"
433,"[('EOSINOPHIL', (158, 0, 33, 37)), ('EOSINOPHIL', (31, 175, 41, 34)), ('NEUTROPHIL', (47, 36, 32, 45)), ('NEUTROPHIL', (170, 121, 30, 39))]","{'EOSINOPHIL': 2, 'NEUTROPHIL': 2}"
434,"[('LYMPHOCYTE', (35, 170, 31, 42)), ('NEUTROPHIL', (60, 83, 40, 29)), ('NEUTROPHIL', (141, 56, 32, 38)), ('NEUTROPHIL', (172, 126, 30, 44))]","{'LYMPHOCYTE': 1, 'NEUTROPHIL': 3}"
435,"[('EOSINOPHIL', (65, 0, 27, 29)), ('EOSINOPHIL', (118, 47, 32, 33)), ('NEUTROPHIL', (47, 170, 30, 41)), ('NEUTROPHIL', (153, 176, 30, 48))]","{'EOSINOPHIL': 2, 'NEUTROPHIL': 2}"
436,"[('EOSINOPHIL', (159, 117, 38, 49)), ('LYMPHOCYTE', (35, 58, 31, 42)), ('MONOCYTE', (156, 38, 33, 47)), ('NEUTROPHIL', (41, 128, 34, 43))]","{'EOSINOPHIL': 1, 'LYMPHOCYTE': 1, 'MONOCYTE': 1, 'NEUTROPHIL': 1}"
437,"[('EOSINOPHIL', (172, 43, 28, 44)), ('NEUTROPHIL', (49, 0, 33, 42)), ('NEUTROPHIL', (45, 146, 37, 44)), ('NEUTROPHIL', (112, 165, 23, 41))]","{'EOSINOPHIL': 1, 'NEUTROPHIL': 3}"
438,"[('EOSINOPHIL', (130, 1, 30, 51)), ('NEUTROPHIL', (35, 58, 33, 44)), ('NEUTROPHIL', (24, 152, 32, 39)), ('NEUTROPHIL', (147, 170, 33, 44))]","{'EOSINOPHIL': 1, 'NEUTROPHIL': 3}"
439,"[('EOSINOPHIL', (54, 61, 39, 39)), ('EOSINOPHIL', (9, 159, 28, 42)), ('NEUTROPHIL', (165, 54, 29, 38)), ('NEUTROPHIL', (138, 150, 29, 46))]","{'EOSINOPHIL': 2, 'NEUTROPHIL': 2}"
440,"[('EOSINOPHIL', (161, 19, 34, 40)), ('EOSINOPHIL', (64, 112, 46, 49)), ('NEUTROPHIL', (13, 64, 33, 44)), ('NEUTROPHIL', (112, 165, 23, 41))]","{'EOSINOPHIL': 2, 'NEUTROPHIL': 2}"
441,"[('EOSINOPHIL', (130, 113, 30, 51)), ('NEUTROPHIL', (26, 38, 29, 46)), ('NEUTROPHIL', (162, 31, 32, 46)), ('NEUTROPHIL', (35, 170, 33, 44))]","{'EOSINOPHIL': 1, 'NEUTROPHIL': 3}"
442,"[('EOSINOPHIL', (41, 50, 29, 40)), ('LYMPHOCYTE', (157, 20, 23, 46)), ('LYMPHOCYTE', (156, 194, 27, 30)), ('NEUTROPHIL', (57, 157, 34, 46))]","{'EOSINOPHIL': 1, 'LYMPHOCYTE': 2, 'NEUTROPHIL': 1}"
443,"[('MONOCYTE', (167, 75, 29, 37)), ('NEUTROPHIL', (32, 70, 29, 39)), ('NEUTROPHIL', (51, 169, 32, 39)), ('NEUTROPHIL', (178, 125, 33, 39))]","{'MONOCYTE': 1, 'NEUTROPHIL': 3}"
444,"[('EOSINOPHIL', (54, 173, 39, 39)), ('EOSINOPHIL', (161, 172, 27, 44)), ('LYMPHOCYTE', (161, 49, 25, 28)), ('NEUTROPHIL', (45, 34, 37, 44))]","{'EOSINOPHIL': 2, 'LYMPHOCYTE': 1, 'NEUTROPHIL': 1}"
445,"[('MONOCYTE', (55, 75, 29, 37)), ('MONOCYTE', (156, 38, 33, 47)), ('NEUTROPHIL', (72, 165, 34, 39)), ('NEUTROPHIL', (147, 170, 33, 44))]","{'MONOCYTE': 2, 'NEUTROPHIL': 2}"
446,"[('EOSINOPHIL', (149, 154, 31, 45)), ('LYMPHOCYTE', (42, 68, 23, 44)), ('NEUTROPHIL', (169, 45, 34, 46)), ('NEUTROPHIL', (13, 176, 33, 44))]","{'EOSINOPHIL': 1, 'LYMPHOCYTE': 1, 'NEUTROPHIL': 2}"
447,"[('LYMPHOCYTE', (154, 53, 26, 37)), ('LYMPHOCYTE', (121, 165, 34, 38)), ('MONOCYTE', (44, 38, 33, 47)), ('MONOCYTE', (55, 187, 29, 37))]","{'LYMPHOCYTE': 2, 'MONOCYTE': 2}"
448,"[('EOSINOPHIL', (47, 117, 38, 49)), ('LYMPHOCYTE', (147, 58, 31, 42)), ('MONOCYTE', (46, 0, 46, 53)), ('NEUTROPHIL', (140, 168, 34, 43))]","{'EOSINOPHIL': 1, 'LYMPHOCYTE': 1, 'MONOCYTE': 1, 'NEUTROPHIL': 1}"
449,"[('LYMPHOCYTE', (42, 180, 23, 44)), ('LYMPHOCYTE', (147, 159, 24, 28)), ('NEUTROPHIL', (43, 66, 31, 44)), ('NEUTROPHIL', (147, 58, 33, 44))]","{'LYMPHOCYTE': 2, 'NEUTROPHIL': 2}"
450,"[('LYMPHOCYTE', (121, 165, 34, 38)), ('NEUTROPHIL', (22, 0, 33, 34)), ('NEUTROPHIL', (172, 83, 40, 29)), ('NEUTROPHIL', (60, 126, 30, 44))]","{'LYMPHOCYTE': 1, 'NEUTROPHIL': 3}"
451,"[('EOSINOPHIL', (145, 13, 37, 47)), ('EOSINOPHIL', (118, 159, 32, 33)), ('NEUTROPHIL', (50, 31, 32, 46)), ('NEUTROPHIL', (22, 112, 36, 38))]","{'EOSINOPHIL': 2, 'NEUTROPHIL': 2}"
452,"[('EOSINOPHIL', (161, 42, 30, 40)), ('EOSINOPHIL', (161, 131, 34, 40)), ('NEUTROPHIL', (72, 53, 34, 39)), ('NEUTROPHIL', (64, 198, 30, 26))]","{'EOSINOPHIL': 2, 'NEUTROPHIL': 2}"
453,"[('EOSINOPHIL', (143, 63, 41, 34)), ('LYMPHOCYTE', (49, 161, 25, 28)), ('NEUTROPHIL', (26, 38, 29, 46)), ('NEUTROPHIL', (157, 130, 33, 48))]","{'EOSINOPHIL': 1, 'LYMPHOCYTE': 1, 'NEUTROPHIL': 2}"
454,"[('EOSINOPHIL', (46, 112, 33, 37)), ('NEUTROPHIL', (79, 72, 32, 40)), ('NEUTROPHIL', (138, 38, 29, 46)), ('NEUTROPHIL', (162, 143, 32, 46))]","{'EOSINOPHIL': 1, 'NEUTROPHIL': 3}"
455,"[('EOSINOPHIL', (145, 13, 37, 47)), ('LYMPHOCYTE', (49, 49, 25, 28)), ('MONOCYTE', (34, 161, 38, 53)), ('NEUTROPHIL', (128, 194, 31, 30)), ('NEUTROPHIL', (144, 117, 31, 42))]","{'EOSINOPHIL': 1, 'LYMPHOCYTE': 1, 'MONOCYTE': 1, 'NEUTROPHIL': 2}"
456,"[('EOSINOPHIL', (153, 50, 29, 40)), ('LYMPHOCYTE', (42, 53, 26, 37)), ('NEUTROPHIL', (21, 166, 35, 47)), ('NEUTROPHIL', (151, 112, 30, 27))]","{'EOSINOPHIL': 1, 'LYMPHOCYTE': 1, 'NEUTROPHIL': 2}"
457,"[('LYMPHOCYTE', (154, 68, 23, 44)), ('LYMPHOCYTE', (35, 159, 24, 28)), ('LYMPHOCYTE', (196, 176, 28, 45)), ('NEUTROPHIL', (60, 14, 30, 44))]","{'LYMPHOCYTE': 3, 'NEUTROPHIL': 1}"
458,"[('EOSINOPHIL', (146, 85, 43, 27)), ('LYMPHOCYTE', (161, 161, 25, 28)), ('NEUTROPHIL', (45, 18, 33, 48)), ('NEUTROPHIL', (58, 121, 30, 39))]","{'EOSINOPHIL': 1, 'LYMPHOCYTE': 1, 'NEUTROPHIL': 2}"
459,"[('EOSINOPHIL', (6, 159, 32, 33)), ('NEUTROPHIL', (14, 23, 33, 44)), ('NEUTROPHIL', (126, 23, 33, 44)), ('NEUTROPHIL', (146, 168, 30, 56))]","{'EOSINOPHIL': 1, 'NEUTROPHIL': 3}"
460,"[('EOSINOPHIL', (153, 162, 29, 40)), ('LYMPHOCYTE', (45, 194, 24, 30)), ('NEUTROPHIL', (34, 56, 30, 56)), ('NEUTROPHIL', (157, 34, 37, 44))]","{'EOSINOPHIL': 1, 'LYMPHOCYTE': 1, 'NEUTROPHIL': 2}"
461,"[('LYMPHOCYTE', (49, 47, 23, 29)), ('LYMPHOCYTE', (154, 53, 26, 37)), ('NEUTROPHIL', (29, 168, 32, 38)), ('NEUTROPHIL', (145, 169, 30, 49))]","{'LYMPHOCYTE': 2, 'NEUTROPHIL': 2}"
462,"[('NEUTROPHIL', (16, 82, 31, 30)), ('NEUTROPHIL', (31, 5, 31, 42)), ('NEUTROPHIL', (145, 30, 30, 42)), ('NEUTROPHIL', (23, 177, 33, 44)), ('NEUTROPHIL', (191, 184, 32, 40))]",{'NEUTROPHIL': 5}
463,"[('EOSINOPHIL', (172, 43, 28, 44)), ('NEUTROPHIL', (53, 54, 29, 38)), ('NEUTROPHIL', (36, 170, 30, 41)), ('NEUTROPHIL', (136, 148, 35, 46))]","{'EOSINOPHIL': 1, 'NEUTROPHIL': 3}"
464,"[('EOSINOPHIL', (161, 19, 34, 40)), ('MONOCYTE', (0, 15, 29, 48)), ('MONOCYTE', (44, 150, 33, 47)), ('NEUTROPHIL', (144, 112, 22, 33))]","{'EOSINOPHIL': 1, 'MONOCYTE': 2, 'NEUTROPHIL': 1}"
465,"[('LYMPHOCYTE', (127, 168, 25, 36)), ('MONOCYTE', (0, 15, 29, 48)), ('MONOCYTE', (0, 127, 29, 48)), ('NEUTROPHIL', (116, 39, 29, 49))]","{'LYMPHOCYTE': 1, 'MONOCYTE': 2, 'NEUTROPHIL': 1}"
466,"[('LYMPHOCYTE', (154, 180, 23, 44)), ('MONOCYTE', (156, 38, 33, 47)), ('NEUTROPHIL', (60, 14, 30, 44)), ('NEUTROPHIL', (22, 112, 36, 38))]","{'LYMPHOCYTE': 1, 'MONOCYTE': 1, 'NEUTROPHIL': 2}"
467,"[('EOSINOPHIL', (177, 0, 27, 29)), ('EOSINOPHIL', (34, 197, 43, 27)), ('LYMPHOCYTE', (45, 20, 23, 46)), ('NEUTROPHIL', (138, 150, 29, 46))]","{'EOSINOPHIL': 2, 'LYMPHOCYTE': 1, 'NEUTROPHIL': 1}"
468,"[('EOSINOPHIL', (158, 13, 40, 58)), ('LYMPHOCYTE', (84, 176, 28, 45)), ('MONOCYTE', (158, 112, 46, 53)), ('NEUTROPHIL', (67, 44, 29, 44))]","{'EOSINOPHIL': 1, 'LYMPHOCYTE': 1, 'MONOCYTE': 1, 'NEUTROPHIL': 1}"
469,"[('LYMPHOCYTE', (35, 47, 24, 28)), ('LYMPHOCYTE', (35, 170, 31, 42)), ('MONOCYTE', (147, 186, 40, 38)), ('NEUTROPHIL', (112, 53, 23, 41))]","{'LYMPHOCYTE': 2, 'MONOCYTE': 1, 'NEUTROPHIL': 1}"
470,"[('EOSINOPHIL', (145, 168, 43, 50)), ('NEUTROPHIL', (32, 0, 22, 33)), ('NEUTROPHIL', (159, 58, 30, 41)), ('NEUTROPHIL', (22, 112, 36, 38))]","{'EOSINOPHIL': 1, 'NEUTROPHIL': 3}"
471,"[('MONOCYTE', (167, 187, 29, 37)), ('NEUTROPHIL', (24, 36, 35, 46)), ('NEUTROPHIL', (112, 53, 23, 41)), ('NEUTROPHIL', (2, 174, 30, 41))]","{'MONOCYTE': 1, 'NEUTROPHIL': 3}"
472,"[('EOSINOPHIL', (121, 47, 28, 42)), ('LYMPHOCYTE', (35, 159, 24, 28)), ('MONOCYTE', (46, 0, 46, 53)), ('NEUTROPHIL', (140, 168, 34, 43))]","{'EOSINOPHIL': 1, 'LYMPHOCYTE': 1, 'MONOCYTE': 1, 'NEUTROPHIL': 1}"
473,"[('EOSINOPHIL', (57, 0, 43, 59)), ('EOSINOPHIL', (158, 0, 33, 37)), ('EOSINOPHIL', (33, 125, 37, 47)), ('LYMPHOCYTE', (158, 118, 34, 39))]","{'EOSINOPHIL': 3, 'LYMPHOCYTE': 1}"
474,"[('LYMPHOCYTE', (156, 82, 27, 30)), ('LYMPHOCYTE', (35, 159, 24, 28)), ('MONOCYTE', (158, 112, 46, 53)), ('NEUTROPHIL', (33, 57, 30, 49))]","{'LYMPHOCYTE': 2, 'MONOCYTE': 1, 'NEUTROPHIL': 1}"
475,"[('MONOCYTE', (46, 0, 46, 53)), ('NEUTROPHIL', (165, 54, 29, 38)), ('NEUTROPHIL', (47, 170, 30, 41)), ('NEUTROPHIL', (151, 112, 30, 27))]","{'MONOCYTE': 1, 'NEUTROPHIL': 3}"
476,"[('EOSINOPHIL', (161, 154, 30, 40)), ('MONOCYTE', (35, 186, 40, 38)), ('NEUTROPHIL', (45, 34, 37, 44)), ('NEUTROPHIL', (165, 54, 29, 38))]","{'EOSINOPHIL': 1, 'MONOCYTE': 1, 'NEUTROPHIL': 2}"
477,"[('NEUTROPHIL', (24, 36, 35, 46)), ('NEUTROPHIL', (165, 54, 29, 38)), ('NEUTROPHIL', (47, 112, 34, 41)), ('NEUTROPHIL', (128, 194, 31, 30)), ('NEUTROPHIL', (144, 117, 31, 42))]",{'NEUTROPHIL': 5}
478,"[('EOSINOPHIL', (150, 168, 39, 48)), ('NEUTROPHIL', (39, 0, 30, 27)), ('NEUTROPHIL', (178, 13, 33, 39)), ('NEUTROPHIL', (23, 177, 33, 44))]","{'EOSINOPHIL': 1, 'NEUTROPHIL': 3}"
479,"[('EOSINOPHIL', (177, 0, 27, 29)), ('LYMPHOCYTE', (42, 53, 26, 37)), ('LYMPHOCYTE', (161, 159, 23, 29)), ('MONOCYTE', (46, 112, 46, 53))]","{'EOSINOPHIL': 1, 'LYMPHOCYTE': 2, 'MONOCYTE': 1}"
480,"[('EOSINOPHIL', (6, 159, 32, 33)), ('NEUTROPHIL', (39, 49, 32, 46)), ('NEUTROPHIL', (134, 0, 36, 38)), ('NEUTROPHIL', (176, 198, 30, 26))]","{'EOSINOPHIL': 1, 'NEUTROPHIL': 3}"
481,"[('LYMPHOCYTE', (49, 49, 25, 28)), ('NEUTROPHIL', (128, 82, 31, 30)), ('NEUTROPHIL', (144, 5, 31, 42)), ('NEUTROPHIL', (64, 198, 30, 26)), ('NEUTROPHIL', (161, 112, 33, 42))]","{'LYMPHOCYTE': 1, 'NEUTROPHIL': 4}"
482,"[('EOSINOPHIL', (76, 78, 28, 34)), ('NEUTROPHIL', (151, 0, 30, 27)), ('NEUTROPHIL', (32, 182, 29, 39)), ('NEUTROPHIL', (147, 170, 33, 44))]","{'EOSINOPHIL': 1, 'NEUTROPHIL': 3}"
483,"[('EOSINOPHIL', (18, 1, 30, 51)), ('EOSINOPHIL', (60, 155, 28, 44)), ('LYMPHOCYTE', (147, 47, 24, 28)), ('NEUTROPHIL', (129, 147, 32, 50))]","{'EOSINOPHIL': 2, 'LYMPHOCYTE': 1, 'NEUTROPHIL': 1}"
484,"[('EOSINOPHIL', (41, 50, 29, 40)), ('EOSINOPHIL', (153, 50, 29, 40)), ('MONOCYTE', (46, 112, 46, 53)), ('MONOCYTE', (156, 150, 33, 47))]","{'EOSINOPHIL': 2, 'MONOCYTE': 2}"
485,"[('LYMPHOCYTE', (84, 64, 28, 45)), ('LYMPHOCYTE', (156, 82, 27, 30)), ('NEUTROPHIL', (34, 168, 30, 56)), ('NEUTROPHIL', (140, 121, 31, 42))]","{'LYMPHOCYTE': 2, 'NEUTROPHIL': 2}"
486,"[('EOSINOPHIL', (150, 56, 39, 48)), ('EOSINOPHIL', (9, 159, 28, 42)), ('NEUTROPHIL', (21, 54, 35, 47)), ('NEUTROPHIL', (112, 165, 23, 41))]","{'EOSINOPHIL': 2, 'NEUTROPHIL': 2}"
487,"[('EOSINOPHIL', (147, 21, 31, 42)), ('LYMPHOCYTE', (45, 132, 23, 46)), ('NEUTROPHIL', (58, 9, 30, 39)), ('NEUTROPHIL', (148, 139, 33, 42))]","{'EOSINOPHIL': 1, 'LYMPHOCYTE': 1, 'NEUTROPHIL': 2}"
488,"[('LYMPHOCYTE', (161, 159, 23, 29)), ('NEUTROPHIL', (45, 18, 33, 48)), ('NEUTROPHIL', (146, 66, 35, 41)), ('NEUTROPHIL', (35, 170, 33, 44))]","{'LYMPHOCYTE': 1, 'NEUTROPHIL': 3}"
489,"[('EOSINOPHIL', (121, 47, 28, 42)), ('EOSINOPHIL', (145, 168, 43, 50)), ('MONOCYTE', (0, 127, 29, 48)), ('NEUTROPHIL', (4, 39, 29, 49))]","{'EOSINOPHIL': 2, 'MONOCYTE': 1, 'NEUTROPHIL': 1}"
490,"[('EOSINOPHIL', (18, 1, 30, 51)), ('NEUTROPHIL', (116, 39, 29, 49)), ('NEUTROPHIL', (22, 112, 36, 38)), ('NEUTROPHIL', (125, 176, 33, 44))]","{'EOSINOPHIL': 1, 'NEUTROPHIL': 3}"
491,"[('EOSINOPHIL', (28, 26, 35, 42)), ('LYMPHOCYTE', (161, 47, 23, 29)), ('NEUTROPHIL', (36, 170, 30, 41)), ('NEUTROPHIL', (114, 174, 30, 41))]","{'EOSINOPHIL': 1, 'LYMPHOCYTE': 1, 'NEUTROPHIL': 2}"
492,"[('LYMPHOCYTE', (45, 194, 24, 30)), ('LYMPHOCYTE', (158, 118, 34, 39)), ('NEUTROPHIL', (32, 0, 22, 33)), ('NEUTROPHIL', (147, 58, 33, 44))]","{'LYMPHOCYTE': 2, 'NEUTROPHIL': 2}"
493,"[('NEUTROPHIL', (45, 34, 37, 44)), ('NEUTROPHIL', (147, 25, 29, 44)), ('NEUTROPHIL', (32, 182, 29, 39)), ('NEUTROPHIL', (147, 137, 29, 44))]",{'NEUTROPHIL': 4}
494,"[('NEUTROPHIL', (34, 66, 35, 41)), ('NEUTROPHIL', (151, 0, 30, 27)), ('NEUTROPHIL', (39, 112, 30, 27)), ('NEUTROPHIL', (133, 166, 35, 47))]",{'NEUTROPHIL': 4}
495,"[('EOSINOPHIL', (49, 19, 34, 40)), ('EOSINOPHIL', (47, 117, 38, 49)), ('NEUTROPHIL', (155, 7, 32, 40)), ('NEUTROPHIL', (147, 137, 29, 44))]","{'EOSINOPHIL': 2, 'NEUTROPHIL': 2}"
496,"[('EOSINOPHIL', (34, 85, 43, 27)), ('NEUTROPHIL', (146, 56, 30, 56)), ('NEUTROPHIL', (4, 151, 29, 49)), ('NEUTROPHIL', (172, 126, 30, 44))]","{'EOSINOPHIL': 1, 'NEUTROPHIL': 3}"
497,"[('EOSINOPHIL', (46, 112, 33, 37)), ('LYMPHOCYTE', (49, 49, 25, 28)), ('LYMPHOCYTE', (156, 194, 27, 30)), ('NEUTROPHIL', (147, 25, 29, 44))]","{'EOSINOPHIL': 1, 'LYMPHOCYTE': 2, 'NEUTROPHIL': 1}"
498,"[('MONOCYTE', (167, 75, 29, 37)), ('NEUTROPHIL', (57, 45, 34, 46)), ('NEUTROPHIL', (43, 119, 32, 40)), ('NEUTROPHIL', (172, 195, 40, 29))]","{'MONOCYTE': 1, 'NEUTROPHIL': 3}"
499,"[('EOSINOPHIL', (145, 125, 37, 47)), ('MONOCYTE', (51, 123, 44, 50)), ('NEUTROPHIL', (58, 9, 30, 39)), ('NEUTROPHIL', (153, 64, 30, 48))]","{'EOSINOPHIL': 1, 'MONOCYTE': 1, 'NEUTROPHIL': 2}"
